ST_NAME,AC_NAME,LAT,LONG
Tamil Nadu,THENI,10.0103658,77.4768115
Tamil Nadu,BODINAYAKKANUR,10.0167,77.35
Tamil Nadu,SHOLAVANDAN,10.0211443,77.9610158
Tamil Nadu,MELUR,10.030854,78.339161
Tamil Nadu,MELUR NORTH,10.030854,78.339161
Tamil Nadu,MELUR SOUTH,10.030854,78.339161
Tamil Nadu,KARAIKUDI,10.0667,78.7833
Tamil Nadu,TIRUPPATTUR,10.10801,78.605072
Tamil Nadu,PERIYAKULAM,10.1188251,77.5485282
Tamil Nadu,ARANTHANGI,10.163549,78.996842
Tamil Nadu,NILAKKOTTAI,10.163679,77.850398
Tamil Nadu,NATHAM,10.225841,78.229535
Tamil Nadu,THIRUMAIYAM,10.2445956,78.7462038
Tamil Nadu,ATHOOR,10.2886456,77.8531651
Tamil Nadu,PERAVURANI,10.288895,79.201609
Tamil Nadu,VALPARAI,10.3235908,76.951003
Tamil Nadu,ALANGUDI,10.359111,78.985181
Tamil Nadu,DINDIGUL,10.3673123,77.9802906
Tamil Nadu,VEDARANYAM,10.372072,79.850376
Tamil Nadu,PUDUKKOTTAI,10.379663,78.8208454
Tamil Nadu,PATTUKKOTTAI,10.42183,79.3195719
Tamil Nadu,VADAMADURAI,10.4377192,78.0965691
Tamil Nadu,MARUNGAPURI,10.4475027,78.4354042
Tamil Nadu,PALANI,10.4489188,77.5209392
Tamil Nadu,ODDAMCHATRAM,10.48,77.75
Tamil Nadu,THIRUVONAM,10.5077183,79.1590862
Tamil Nadu,THIRUTHURAIPOONDI,10.527383,79.632879
Tamil Nadu,THIRUTHURAIPUNDI,10.527383,79.632879
Tamil Nadu,VEDASANDUR,10.52931,77.951988
Tamil Nadu,KOTTUR,10.5382826,76.9801476
Tamil Nadu,MADATHUKULAM,10.562531,77.348211
Tamil Nadu,GANDHARVAKOTTAI,10.5720004,79.0150605
Tamil Nadu,THONDAMUTHUR,10.5773292,77.0481093
Tamil Nadu,UDUMALPET,10.5833,77.25
Tamil Nadu,KADAVUR,10.5976327,78.197765
Tamil Nadu,VIRALIMALAI,10.6031099,78.55069
Tamil Nadu,MANAPPARAI,10.60676,78.423088
Tamil Nadu,ORATHANADU,10.621659,79.255286
Tamil Nadu,POLLACHI,10.6572737,77.0106693
Tamil Nadu,MANNARGUDI,10.6648689,79.4507152
Tamil Nadu,DHARAPURAM,10.736681,77.532282
Tamil Nadu,KILVELUR,10.7661873,79.7413896
Tamil Nadu,NAGAPATTINAM,10.7688016,79.8394266
Tamil Nadu,THIRUVARUR,10.7713187,79.6369974
Tamil Nadu,ARAVAKURICHI,10.775345,77.9089091
Tamil Nadu,THANJAVUR,10.7869994,79.1378274
Tamil Nadu,THIRUVERUMBUR,10.7875,78.7763889
Tamil Nadu,THIRUVERAMBUR,10.7875,78.7763889
Tamil Nadu,THIRUCHIRAPPALLI-I,10.7904833,78.7046725
Tamil Nadu,TIRUCHIRAPPALLI (EAST),10.7904833,78.7046725
Tamil Nadu,TIRUCHIRAPPALLI (WEST),10.7904833,78.7046725
Tamil Nadu,THIRUCHIRAPPALLI-II,10.80289,78.698753
Tamil Nadu,TIRUCHIRAPALLI-I,10.80289,78.698753
Tamil Nadu,TIRUCHIRAPALLI-II,10.80289,78.698753
Tamil Nadu,THIRU-VI-KA-NAGAR,10.8087592,78.6760387
Tamil Nadu,KINATHUKKADAVU,10.816667,77.016667
Tamil Nadu,KANDAMANGALAM,10.8394988,78.9765464
Tamil Nadu,KUTTALAM,10.8398768,79.780638
Tamil Nadu,SRIRANGAM,10.856607,78.697215
Tamil Nadu,KODAVASAL,10.86009,79.479881
Tamil Nadu,LALGUDI,10.87331,78.819402
Tamil Nadu,THIRUVAIYARU,10.882764,79.103656
Tamil Nadu,NANNILAM,10.8833,79.6167
Tamil Nadu,VALANGIMAN,10.8887019,79.393221
Tamil Nadu,MANACHANALLUR,10.909113,78.699475
Tamil Nadu,PAPANASAM,10.9251895,79.2708047
Tamil Nadu,KULITHALAI,10.934307,78.412584
Tamil Nadu,VELLAKOIL,10.9459614,77.7125767
Tamil Nadu,MUSIRI,10.95161,78.444344
Tamil Nadu,SALEM-II,10.9516553,78.4408353
Tamil Nadu,KARUR,10.957338,78.080937
Tamil Nadu,KUMBAKONAM,10.9616945,79.3881132
Tamil Nadu,PERUR,10.9706698,76.9268541
Tamil Nadu,PONGALUR,10.9729427,77.3697672
Tamil Nadu,COIMBATORE SOUTH,10.988828,76.965251
Tamil Nadu,THOTTIYAM,10.9896349,78.3358612
Tamil Nadu,RAMANATHAPURAM,10.9900136,76.9902276
Tamil Nadu,PALLADAM,10.990504,77.2863689
Tamil Nadu,KRISHNARAJAPURAM,10.9933079,78.3230559
Tamil Nadu,THIRUVIDAIMARUDUR,10.9972352,79.4523697
Tamil Nadu,METTUPPALAYAM,11.0001578,77.7266088
Tamil Nadu,KANGAYAM,11.0053238,77.5609843
Tamil Nadu,ADUTHURAI,11.0139879,79.4810674
Tamil Nadu,SULUR,11.0227,77.125732
Tamil Nadu,COIMBATORE NORTH,11.060285,76.945778
Tamil Nadu,MAYILADUTHURAI,11.1018399,79.6522218
Tamil Nadu,MAYURAM,11.1018399,79.6522218
Tamil Nadu,SEMBANARKOIL,11.1077463,79.7427916
Tamil Nadu,TIRUPPUR,11.1085242,77.3410656
Tamil Nadu,TIRUPPUR (NORTH),11.1085242,77.3410656
Tamil Nadu,TIRUPPUR (SOUTH),11.1085242,77.3410656
Tamil Nadu,PARAMATHI-VELUR,11.1121188,78.0044448
Tamil Nadu,ARIYALUR,11.13704,79.075821
Tamil Nadu,THURAIYUR,11.147214,78.5984019
Tamil Nadu,POOMPUHAR,11.1503007,79.8436796
Tamil Nadu,GUDALUR,11.152813,76.926412
Tamil Nadu,AVANASHI,11.1914474,77.2688821
Tamil Nadu,JAYANKONDAM,11.2167,79.3667
Tamil Nadu,NAMAKKAL,11.2194391,78.1677236
Tamil Nadu,MODAKKURICHI,11.2329232,77.7809672
Tamil Nadu,PERAMBALUR,11.2333,78.8833
Tamil Nadu,PERNAMALLUR,11.2333,78.8833
Tamil Nadu,SIRKALI,11.23599,79.735497
Tamil Nadu,SIRKAZHI,11.23599,79.735497
Tamil Nadu,VARAHUR,11.2523892,79.041199
Tamil Nadu,UPPILIAPURAM,11.26252,78.515404
Tamil Nadu,PERUNDURAI,11.274028,77.588256
Tamil Nadu,KUNNATHUR,11.2742965,77.4099497
Tamil Nadu,KATTUMANNARKOIL,11.275817,79.551543
Tamil Nadu,SENTHAMANGALAM,11.2797,78.234657
Tamil Nadu,ANDIMADAM,11.335339,79.376839
Tamil Nadu,ERODE,11.342235,77.7274769
Tamil Nadu,ERODE (EAST),11.342235,77.7274769
Tamil Nadu,ERODE (WEST),11.342235,77.7274769
Tamil Nadu,COONOOR,11.34836,76.793663
Tamil Nadu,SINGANALLUR,11.3657808,77.5332796
Tamil Nadu,KAVUNDAMPALAYAM,11.3683344,77.9253155
Tamil Nadu,TIRUCHENGODU,11.37825,77.896927
Tamil Nadu,CHIDAMBARAM,11.3981936,79.6953594
Tamil Nadu,OOTACAMUND,11.411828,76.695356
Tamil Nadu,UDHAGAMANDALAM,11.411828,76.695356
Tamil Nadu,TITTAKUDI,11.4166667,79.1166667
Tamil Nadu,KUMARAPALAYAM,11.443442,77.711333
Tamil Nadu,BHUVANAGIRI,11.4459041,79.6530174
Tamil Nadu,BHAVANI,11.45,77.6833
Tamil Nadu,GOBICHETTIPALAYAM,11.4536111,77.4383333
Tamil Nadu,RASIPURAM,11.45862,78.186447
Tamil Nadu,SANKARI,11.475379,77.868685
Tamil Nadu,BHAVANISAGAR,11.480791,77.125968
Tamil Nadu,GANGAVALLI,11.4965955,78.6498027
Tamil Nadu,SATHYAMANGALAM,11.504776,77.2383942
Tamil Nadu,MANGALUR,11.5131643,79.0065817
Tamil Nadu,VRIDHACHALAM,11.514364,79.328324
Tamil Nadu,KURINJIPADI,11.56202,79.597816
Tamil Nadu,PANAMARATHUPATTI,11.5636963,78.1635688
Tamil Nadu,ANDHIYUR,11.57476,77.590477
Tamil Nadu,TALAVASAL,11.5844041,78.7490377
Tamil Nadu,EDAPPADI,11.5847632,77.8387867
Tamil Nadu,ATTUR,11.59269,78.601624
Tamil Nadu,NEYVELI,11.60783,79.491318
Tamil Nadu,SALEM (NORTH),11.664325,78.1460142
Tamil Nadu,SALEM (SOUTH),11.664325,78.1460142
Tamil Nadu,SALEM (WEST),11.664325,78.1460142
Tamil Nadu,SALEM-I,11.664325,78.1460142
Tamil Nadu,ULUNDURPET,11.6849095,79.2873953
Tamil Nadu,TARAMANGALAM,11.69185,77.970268
Tamil Nadu,KALLAKURICHI,11.735075,78.955497
Tamil Nadu,OMALUR,11.7436657,78.0475878
Tamil Nadu,CUDDALORE,11.749574,79.763822
Tamil Nadu,THIRUNAVALUR,11.757853,79.398642
Tamil Nadu,PANRUTI,11.774935,79.552616
Tamil Nadu,NELLIKUPPAM,11.77521,79.673973
Tamil Nadu,YERCAUD,11.775251,78.2092576
Tamil Nadu,METTUR,11.7862533,77.8007853
Tamil Nadu,RAJAPALAYAM,11.8150643,79.5582367
Tamil Nadu,RISHIVANDIYAM,11.816667,79.1
Tamil Nadu,SANKARAPURAM,11.8895267,78.9146798
Tamil Nadu,PAPPIREDDIPPATTI,11.9135833,78.3657342
Tamil Nadu,VILLUPURAM,11.939481,79.497647
Tamil Nadu,TIRUKKOILUR,11.964528,79.202831
Tamil Nadu,TIRUKKOYILUR,11.964528,79.202831
Tamil Nadu,MUGAIYUR,11.9777866,79.3043021
Tamil Nadu,VANUR,12.0263037,79.7329769
Tamil Nadu,VIKRAVANDI,12.0372219,79.5457632
Tamil Nadu,HARUR,12.051341,78.480334
Tamil Nadu,MAILAM,12.1249729,79.619329
Tamil Nadu,DHARMAPURI,12.1274065,78.1580335
Tamil Nadu,MORAPPUR,12.1280578,78.3913328
Tamil Nadu,PENNAGARAM,12.132567,77.895577
Tamil Nadu,THANDARAMBATTU,12.1537736,78.9472089
Tamil Nadu,TIRUVANNAMALAI,12.2252841,79.0746957
Tamil Nadu,TINDIVANAM,12.23073,79.655629
Tamil Nadu,GINGEE,12.250297,79.416544
Tamil Nadu,KILPENNATHUR,12.2586111,79.2308333
Tamil Nadu,UTHANGARAI,12.2660328,78.5352248
Tamil Nadu,PALACODU,12.305398,78.070396
Tamil Nadu,CHENGAM,12.307444,78.791241
Tamil Nadu,MELMALAYANUR,12.344886,79.324057
Tamil Nadu,CHEYYUR,12.34817,80.003197
Tamil Nadu,ACHARAPAKKAM,12.4035198,79.8156667
Tamil Nadu,KAVERIPATTINAM,12.4151969,78.221419
Tamil Nadu,KALASAPAKKAM,12.4343907,79.1047491
Tamil Nadu,PALLIPET,12.4605833,78.5632461
Tamil Nadu,VANDAVASI,12.50286,79.605766
Tamil Nadu,WANDIWASH,12.50286,79.605766
Tamil Nadu,MADURANTHAKAM,12.5102166,79.8849354
Tamil Nadu,POLUR,12.5106551,79.1268287
Tamil Nadu,KRISHNAGIRI,12.5186113,78.2137365
Tamil Nadu,BARGUR,12.5442279,78.3443972
Tamil Nadu,JOLARPET,12.5667,78.5833
Tamil Nadu,PERANAMALLUR,12.5667,79.4333
Tamil Nadu,UDDANAPALLE,12.5935988,77.9338846
Tamil Nadu,NATRAMPALLI,12.598553,78.515395
Tamil Nadu,UTTIRAMERUR,12.613547,79.75747
Tamil Nadu,UTHIRAMERUR,12.615887,79.754234
Tamil Nadu,THALLI,12.6351685,77.6135158
Tamil Nadu,CHEYYAR,12.659031,79.54298
Tamil Nadu,ARANI,12.668548,79.2842
Tamil Nadu,CHENGALPATTU,12.6839952,79.9833483
Tamil Nadu,KAMIYAMBADI,12.6950325,78.6218853
Tamil Nadu,VANIYAMBADI,12.6950325,78.6218853
Tamil Nadu,VEPPANAHALLI,12.7019912,78.1942034
Tamil Nadu,HOSUR,12.733027,77.83016
Tamil Nadu,THIRUPORUR,12.740493,80.204028
Tamil Nadu,TIRUPPORUR,12.740493,80.204028
Tamil Nadu,AMBUR,12.7903613,78.7166084
Tamil Nadu,KANIYAMBADI,12.811844,79.1357249
Tamil Nadu,KANCHEEPURAM,12.8341735,79.7036402
Tamil Nadu,SHOZHINGANALLUR,12.8585157,80.2265545
Tamil Nadu,ANAICUT,12.876311,78.988148
Tamil Nadu,KUNNAM,12.8876249,79.8716837
Tamil Nadu,ARCOT,12.904441,79.3191576
Tamil Nadu,KAPILAMALAI,12.912235,79.1436161
Tamil Nadu,VELLORE,12.9165167,79.1324986
Tamil Nadu,TAMBARAM,12.9229153,80.1274558
Tamil Nadu,RANIPET,12.928296,79.332492
Tamil Nadu,PERNAMBATTU,12.9333,78.7167
Tamil Nadu,GUDIYATTAM,12.9447361,78.8709019
Tamil Nadu,KILVAITHINANKUPPAM,12.9590819,78.9768999
Tamil Nadu,PALLAVARAM,12.96392,80.150212
Tamil Nadu,SRIPERUMBUDUR,12.967461,79.941824
Tamil Nadu,KATPADI,12.971247,79.136774
Tamil Nadu,VELACHERY,12.975971,80.2212092
Tamil Nadu,DR. RADHAKRISHNAN NAGAR,12.9924852,80.2582159
Tamil Nadu,ALANDUR,13.0012772,80.2028489
Tamil Nadu,ST THOMAS MOUNT,13.005,80.1936111
Tamil Nadu,SAIDAPET,13.019954,80.218136
Tamil Nadu,MYLAPORE,13.0336111,80.2686111
Tamil Nadu,THIAGARAYANAGAR,13.0405026,80.2336924
Tamil Nadu,T-NAGAR,13.0405026,80.2336924
Tamil Nadu,VIRUGAMPAKKAM,13.0522025,80.1944807
Tamil Nadu,TRIPLICANE,13.0568461,80.2795195
Tamil Nadu,POONAMALLEE,13.0585089,80.13588
Tamil Nadu,THOUSAND LIGHTS,13.0602238,80.2558288
Tamil Nadu,CHEPAUK,13.0611708,80.2809129
Tamil Nadu,MADURAVOYAL,13.0635803,80.1568134
Tamil Nadu,EGMORE,13.0730933,80.2572225
Tamil Nadu,PARK TOWN,13.0739358,80.2795195
Tamil Nadu,ARAKKONAM,13.082699,79.670813
Tamil Nadu,ANNA NAGAR,13.0882785,80.2070328
Tamil Nadu,AMBATTUR,13.09638,80.148313
Tamil Nadu,KADAMBATHUR,13.0990986,79.8618833
Tamil Nadu,BASIN BRIDGE,13.1065397,80.2753393
Tamil Nadu,PURASAWALKAM,13.108623,80.2436216
Tamil Nadu,VILLIVAKKAM,13.1093769,80.2000596
Tamil Nadu,SHOLINGHUR,13.11585,79.422737
Tamil Nadu,SHOLINGUR,13.11585,79.422737
Tamil Nadu,KOLATHUR,13.1169779,80.2126109
Tamil Nadu,PERAMBUR,13.1180396,80.2404959
Tamil Nadu,ROYAPURAM,13.1206642,80.2972441
Tamil Nadu,WASHERMANPET,13.1334519,80.2711588
Tamil Nadu,THIRUVALLUR,13.142549,79.909053
Tamil Nadu,TIRUVALLUR,13.142549,79.909053
Tamil Nadu,AVADI,13.146444,80.084037
Tamil Nadu,MADAVARAM,13.1481053,80.2260215
Tamil Nadu,THIRUVOTTIYUR,13.1666667,80.3
Tamil Nadu,TIRUTTANI,13.1733,79.6167679
Tamil Nadu,PONNERI,13.3378301,80.1929013
Tamil Nadu,GUMMIDIPOONDI,13.4,80.15
Tamil Nadu,KANNIYAKUMARI,8.0883064,77.5384507
Tamil Nadu,NAGERCOIL,8.17,77.43
Tamil Nadu,HARBOUR,8.1768091,77.2581341
Tamil Nadu,KOLLACHAL,8.1786199,77.2560974
Tamil Nadu,PADMANABHAPURAM,8.2407164,77.3410569
Tamil Nadu,KILLIYOOR,8.2647388,77.2132106
Tamil Nadu,RADHAPURAM,8.2690102,77.6865383
Tamil Nadu,THIRUVATTAR,8.3347929,77.2663771
Tamil Nadu,VILAVANCODE,8.3440987,77.1815867
Tamil Nadu,NANGUNERI,8.491767,77.658021
Tamil Nadu,TIRUCHENDUR,8.495585,78.119187
Tamil Nadu,SRIVAIKUNTAM,8.62884,77.912933
Tamil Nadu,CHERANMAHADEVI,8.6747285,77.5658381
Tamil Nadu,MELAPALAYAM,8.7,77.7069
Tamil Nadu,AMBASAMUDRAM,8.709073,77.452185
Tamil Nadu,PALAYAMKOTTAI,8.720827,77.734627
Tamil Nadu,TIRUNELVELI,8.733,77.7
Tamil Nadu,TUTICORIN,8.7641661,78.1348361
Tamil Nadu,THOOTHUKKUDI,8.81,78.14
Tamil Nadu,GANGAIKONDAN,8.8481705,77.772386
Tamil Nadu,ALANGULAM,8.865748,77.497028
Tamil Nadu,OTTAPIDARAM,8.905908,78.021751
Tamil Nadu,POTTAPIDARAM,8.905908,78.021751
Tamil Nadu,TENKASI,8.9590214,77.3129383
Tamil Nadu,KADAYANALLUR,9.0833,77.35
Tamil Nadu,VILATHIKULAM,9.1315855,78.1645798
Tamil Nadu,SANKARANKOVIL,9.168889,77.5414
Tamil Nadu,KOILPATTI,9.174952,77.87178
Tamil Nadu,KOVILPATTI,9.174952,77.87178
Tamil Nadu,KADALADI,9.2218603,78.4965043
Tamil Nadu,VASUDEVANALLUR,9.2395785,77.4113845
Tamil Nadu,MUDHUKULATHUR,9.35,78.5167
Tamil Nadu,SATTUR,9.354518,77.924719
Tamil Nadu,SIVAKASI,9.4485569,77.798141
Tamil Nadu,SRIVILLIPUTHUR,9.5121365,77.6340859
Tamil Nadu,ARUPPUKKOTTAI,9.515625,78.100015
Tamil Nadu,TIRUCHULI,9.5345619,78.1999019
Tamil Nadu,PARAMAKUDI,9.547686,78.58533
Tamil Nadu,VIRUDHUNAGAR,9.583612,77.958344
Tamil Nadu,ILAYANGUDI,9.623507,78.62455
Tamil Nadu,MANAMADURAI,9.671656,78.471429
Tamil Nadu,KARIAPATTI,9.6740219,78.1022729
Tamil Nadu,CUMBUM,9.735971,77.285543
Tamil Nadu,TIRUVADANAI,9.780647,78.921417
Tamil Nadu,THIRUMANGALAM,9.819386,77.982193
Tamil Nadu,SEDAPATTI,9.8243228,77.7984849
Tamil Nadu,SATTANGULAM,9.8393248,78.130787
Tamil Nadu,SIVAGANGA,9.845557,78.483743
Tamil Nadu,MADURAI SOUTH,9.877921,78.073802
Tamil Nadu,THIRUPPARANKUNDRAM,9.8838036,78.0708985
Tamil Nadu,MADURAI EAST,9.9252007,78.1197754
Tamil Nadu,MADURAI WEST,9.9252007,78.1197754
Tamil Nadu,MADURAI CENTRAL,9.9294739,78.1015599
Tamil Nadu,MADURAI NORTH,9.935395,78.122967
Tamil Nadu,VEERAPANDI,9.9644444,77.4522222
Tamil Nadu,USILAMPATTI,9.967529,77.786722
Tamil Nadu,SAMAYANALLUR,9.97735,78.035469
Tamil Nadu,ANDIPATTI,9.997664,77.614822
Karnataka,GUNDLUPET,11.808081,76.691759
Karnataka,CHAMARAJANAGAR,11.9261471,76.9437312
Karnataka,K.R.PURA,12.0321455,76.8050565
Karnataka,SANTHEMARAHALLI,12.0413631,76.9844677
Karnataka,HEGGADADEVANKOTE,12.084309,76.328764
Karnataka,KOLLEGAL,12.156952,77.10892
Karnataka,T. NARASIPUR,12.211608,76.89998
Karnataka,VARUNA,12.2679985,76.7433915
Karnataka,MYSORE,12.2958104,76.6393805
Karnataka,HUNSUR,12.3075,76.2878
Karnataka,CHAMARAJA,12.3083439,76.6556353
Karnataka,BANNUR,12.3308,76.8631
Karnataka,PERIYAPATNA,12.335149,76.097358
Karnataka,BILIGERE,12.3766358,76.3188616
Karnataka,MADIKERI,12.4244205,75.7381856
Karnataka,MERCARA,12.4244205,75.7381856
Karnataka,SATHANUR,12.4496062,77.3180836
Karnataka,MANDYA,12.5242,76.8958
Karnataka,KANAKAPURA,12.55,77.4167
Karnataka,SULLIA,12.556939,75.389484
Karnataka,VIRUPAKSHIPURA,12.5793643,77.2315342
Karnataka,MADDUR,12.585187,77.046223
Karnataka,CHANNAPATNA,12.654186,77.200442
Karnataka,MYSORE CITY,12.6553626,76.2623945
Karnataka,MYSORE CITY NORTH,12.6553626,76.2623945
Karnataka,MELUKOTE,12.6619507,76.6492128
Karnataka,RAMANAGARAM,12.71454,77.276718
Karnataka,KERAGODU,12.7187513,76.1870681
Karnataka,BANGARPET,12.7361329,78.2083917
Karnataka,ARKALGUD,12.762074,76.06119
Karnataka,VITTAL,12.765703,75.098263
Karnataka,KOTTUR,12.7667,75.2167
Karnataka,PUTTUR,12.7667,75.2167
Karnataka,HULIYURDURGA,12.8255251,77.0348573
Karnataka,BANTVAL,12.89687,75.036171
Karnataka,BOMMANAHALLI,12.8983601,77.6179465
Karnataka,UTTARAHALLI,12.9057861,77.5426389
Karnataka,MANGALORE,12.9141417,74.8559568
Karnataka,MANGALORE CITY NORTH,12.9141417,74.8559568
Karnataka,B.T.M LAYOUT,12.9169863,77.6011418
Karnataka,RAJARAJESHWARINAGAR,12.9241437,77.5218127
Karnataka,JAYANAGAR,12.9301397,77.5877318
Karnataka,SAKLESHPUR,12.939735,75.785777
Karnataka,VARTHUR,12.9431673,77.7423469
Karnataka,CHAMARAJPET,12.955802,77.5633748
Karnataka,MAGADI,12.9563919,77.22505
Karnataka,SHANTHINAGAR,12.9569472,77.5992703
Karnataka,KOLAR GOLD FIELDS,12.9585136,78.2710336
Karnataka,NARASIMHARAJA,12.9636571,77.5788334
Karnataka,GOVINDRAJ NAGAR,12.9693311,77.5218127
Karnataka,CHICKPET,12.9706175,77.5777031
Karnataka,VIJAYANAGARA,12.9725721,77.530413
Karnataka,ULSOOR,12.9814722,77.6192139
Karnataka,C.V. RAMAN NAGAR,12.9845666,77.6622027
Karnataka,RAJAJI NAGAR,12.9849815,77.553344
Karnataka,BANGARAPET,12.98521,78.178207
Karnataka,SARVAGNANAGAR,12.9876391,77.6378619
Karnataka,MAHADEVAPURA,12.99042,77.68417
Karnataka,VIJAY NAGAR,12.9972601,76.0761752
Karnataka,MALUR,13.00241,77.94057
Karnataka,HASSAN,13.0068142,76.0995519
Karnataka,MALLESHWARAM,13.0084186,77.5705392
Karnataka,PULAKESHINAGAR,13.0103545,77.6106512
Karnataka,BHARATHINAGAR,13.0149699,77.7216008
Karnataka,MAHALAKSHMI LAYOUT,13.0186134,77.5476117
Karnataka,KUNIGAL,13.0222,77.0267
Karnataka,YESHWANTAPURA,13.0279661,77.5409156
Karnataka,HEBBAL,13.0326921,77.6049218
Karnataka,BELLAVI,13.0363758,77.9196023
Karnataka,BYATARAYANAPURA,13.0618939,77.5948946
Karnataka,MOODABIDRI,13.06906,74.993584
Karnataka,HOSAKOTE,13.0694199,77.7888569
Karnataka,HOSKOTE,13.0694199,77.7888569
Karnataka,SOLUR,13.070216,77.244232
Karnataka,NELAMANGALA,13.0874193,77.4110064
Karnataka,KUDUR,13.1,77.166667
Karnataka,CHANDRASEKHARAPURA,13.1308034,76.8821849
Karnataka,MUDIGERE,13.131674,75.640915
Karnataka,KOLAR,13.1357446,78.1325611
Karnataka,HEBBUR,13.15,77.0333333
Karnataka,TURUVEKERE,13.160785,76.666552
Karnataka,MULBAGAL,13.162057,78.390233
Karnataka,BELUR,13.1627778,75.8680556
Karnataka,GANDASI,13.1663464,76.3000419
Karnataka,VEMAGAL,13.1925274,78.0181117
Karnataka,KARKAL,13.2150997,74.9961799
Karnataka,KAUP,13.2263016,74.7483371
Karnataka,DEVANAHALLI,13.243513,77.709209
Karnataka,CHAMUNDESHWARI,13.251973,76.4786305
Karnataka,TIPTUR,13.2586,76.4783
Karnataka,DODDABALLAPUR,13.289452,77.534179
Karnataka,GUBBI,13.308877,76.942409
Karnataka,CHIKMAGALUR,13.31232,75.770889
Karnataka,ARSIKERE,13.3139,76.2561
Karnataka,UDUPI,13.33232,74.746048
Karnataka,SRINIVASPUR,13.3344419,78.2119699
Karnataka,TUMKUR CITY,13.34,77.1
Karnataka,SIDLAGHATTA,13.3881,77.8628
Karnataka,CHINTAMANI,13.397001,78.057722
Karnataka,CHIKNAYAKANHALLI,13.4172,76.6228
Karnataka,SRINGERI,13.41872,75.25146
Karnataka,BRAHMAVAR,13.4310049,74.7454112
Karnataka,KORATAGERE,13.52002,77.233452
Karnataka,BIRUR,13.59764,75.966782
Karnataka,KUNDAPURA,13.625758,74.691173
Karnataka,MADHUGIRI,13.6606,77.2092
Karnataka,THIRTHAHALLI,13.688476,75.246248
Karnataka,TARIKERE,13.7086667,75.815859
Karnataka,BAGEPALLI,13.7847,77.7931
Karnataka,HOSDURGA,13.7981,76.2861
Karnataka,BHADRAVATHI,13.8329901,75.7080727
Karnataka,GULUR,13.8420495,77.8360134
Karnataka,SHIMOGA,13.9299299,75.568101
Karnataka,BELTHANGADY,13.9833,75.3
Karnataka,BHATKAL,13.983503,74.547682
Karnataka,HOLEHONNUR,13.9862338,75.6920782
Karnataka,SAGAR,14.1670402,75.0403
Karnataka,CHITRADURGA,14.22209,76.40036
Karnataka,HONNALI,14.238113,75.645314
Karnataka,SHIKARIPURA,14.269012,75.35351
Karnataka,HONAWAR,14.2833,74.45
Karnataka,MAYAKONDA,14.2833333,76.0833333
Karnataka,SORAB,14.376993,75.090729
Karnataka,KUMTA,14.426999,74.418795
Karnataka,DAVANAGERE NORTH,14.4663438,75.9238397
Karnataka,DAVANAGERE SOUTH,14.4663438,75.9238397
Karnataka,JAGALUR,14.519326,76.338182
Karnataka,KALYANI,14.5417136,74.3208041
Karnataka,RANIBENNUR,14.61484,75.619797
Karnataka,SIRSI,14.6167,74.85
Karnataka,BYADGI,14.668513,75.486971
Karnataka,HANGAL,14.7667,75.1333
Karnataka,HAVERI,14.8,75.4
Karnataka,KUDLIGI,14.903884,76.382906
Karnataka,YELLAPUR,14.962293,74.707056
Karnataka,SHIGGAON,14.9913752,75.221652
Karnataka,HADAGALLI,15.01974,75.926338
Karnataka,BELLARY,15.1393932,76.9214428
Karnataka,FORT,15.1438775,76.9138873
Karnataka,KALGHATGI,15.1833,74.9667
Karnataka,BELGAUM UTTAR,15.1981826,74.5161628
Karnataka,SHIRHATTI,15.2307,75.578697
Karnataka,KUNDGOL,15.256532,75.244069
Karnataka,HOSPET,15.2688542,76.3909241
Karnataka,HALIYAL,15.3333,74.7667
Karnataka,BROADWAY,15.3445983,75.1429673
Karnataka,KURUGODU,15.3463889,76.8375
Karnataka,KOPPAL,15.3507081,76.1554311
Karnataka,HUBLI-DHARWAD-CENTRAL,15.3605571,75.1257369
Karnataka,HUBLI,15.3647083,75.1239547
Karnataka,HUBLI-DHARWAD-EAST,15.3647083,75.1239547
Karnataka,HUBLI-DHARWAD-WEST,15.3647083,75.1239547
Karnataka,GADAG,15.42878,75.631279
Karnataka,GANGAVATHI,15.434481,76.530272
Karnataka,DHARWAD RURAL,15.4845776,75.0552739
Karnataka,NAVALGUND,15.556547,75.348434
Karnataka,KANAKAGIRI,15.56959,76.411438
Karnataka,YELBURGA,15.61496,76.0082089
Karnataka,KHANAPUR,16.465761,77.524265
Karnataka,PARASGAD,15.762203,75.118325
Karnataka,SINDHANUR,15.7702099,76.7560495
Karnataka,SAMPGAON II,15.7974899,74.7584271
Karnataka,SAMPAGAON I,15.8109675,74.6689527
Karnataka,BAILHONGAL,15.8167,74.8667
Karnataka,BELGAUM CITY,15.8667,74.5
Karnataka,BELGAUM I,15.8667,74.5
Karnataka,UCHAGDAN,15.8883054,74.4320448
Karnataka,RAMDURG,15.94644,75.29657
Karnataka,MASKI,15.95823,76.6544601
Karnataka,MANVI,15.986397,77.053107
Karnataka,HUNGUND,16.061171,76.054657
Karnataka,LINGSUGUR,16.160122,76.52047
Karnataka,GOKAK,16.168031,74.8223639
Karnataka,BELGAUM RURAL,16.1721437,74.8253553
Karnataka,BAGALKOT,16.185011,75.696243
Karnataka,KALMALA,16.197849,77.202164
Karnataka,RAICHUR,16.20702,77.354362
Karnataka,ARBHAVI,16.2212536,74.8229316
Karnataka,HUKKERI,16.2333,74.6
Karnataka,SANKESHWAR,16.255211,74.477982
Karnataka,BAGEWADI,16.2835767,74.7161489
Karnataka,MUDHOL,16.33325,75.2867
Karnataka,DEODURG,16.4235352,76.9354979
Karnataka,DEVADURGA,16.4235352,76.9354979
Karnataka,CHIKKODI,16.4291905,74.5878546
Karnataka,TALIKOT,16.473319,76.311826
Karnataka,TERDAL,16.5,75.05
Karnataka,JAMKHANDI,16.5043199,75.2917512
Karnataka,SHORAPUR,16.5191408,76.7596221
Karnataka,CHIKKODI-SADALGA,16.552886,74.531729
Karnataka,KUDACHI,16.6333,74.85
Karnataka,BABALESHWAR,16.6649,75.573196
Karnataka,SHAHPUR,16.6956754,76.8431564
Karnataka,ATHANI,16.724083,75.06384
Karnataka,YADGIR,16.764987,77.140538
Karnataka,DEVAR HIPPARGI,16.8147688,76.0638482
Karnataka,BIJAPUR CITY,16.82402,75.71534
Karnataka,TIKOTA,16.839479,75.517563
Karnataka,GURMITKAL,16.8669198,77.3912953
Karnataka,NAGTHAN,16.9091088,75.8437407
Karnataka,SINDAGI,16.9167,76.2333
Karnataka,JEVARGI,17.012534,76.775174
Karnataka,CHITTAPUR,17.1167,77.0833
Karnataka,SEDAM,17.175532,77.2898419
Karnataka,AFZALPUR,17.2025612,76.3577624
Karnataka,BALLOLLI,17.235467,75.7894716
Karnataka,GULBARGA,17.329731,76.8342957
Karnataka,GULBARGA DAKSHIN,17.329731,76.8342957
Karnataka,GULBARGA UTTAR,17.329731,76.8342957
Karnataka,KALGI,17.35,77.15
Karnataka,CHINCHOLI,17.467621,77.418297
Karnataka,ALAND,17.5667,76.5667
Karnataka,KAMALAPUR,17.5800721,76.9859077
Karnataka,HOMNABAD,17.771669,77.132317
Karnataka,HUMNABAD,17.771669,77.132317
Karnataka,BASAVAKALYAN,17.873261,76.952082
Karnataka,BIDAR,17.92,77.519722
Karnataka,BIDAR SOUTH,17.92,77.519722
Sikkim,ARITHANG,27.3327418,88.6108642
Sikkim,ASSAM-LINGJEY,27.269405,88.65966
Sikkim,BARFUNG,27.294258,88.353455
Sikkim,"BERMIOK, sikkim",27.26875,88.49347
Sikkim,CENTRAL PENDAM-EAST PENDAM,27.2110193,88.5210085
Sikkim,CHAKUNG,27.152813,88.2438279
Sikkim,CHUJACHEN,27.209712,88.701033
Sikkim,DAMTHANG,27.229719,88.3876575
Sikkim,DARAMDIN,27.1351425,88.1657284
Sikkim,"DENTAM, sikkim",27.2545795,88.1367581
Sikkim,DJONGU,27.5692,88.4205
Sikkim,GANGTOK,27.3389356,88.6065035
Sikkim,GYALSHING-BARNYAK,27.249884,88.238358
Sikkim,GNATHANG,27.319019,88.82804
Sikkim,JORTHANG,27.1069769,88.3245383
Sikkim,"KABI LUNGCHOK, sikkim",27.3983,88.35
Sikkim,KABI TINGDA,27.2282031,88.587925
Sikkim,KHAMDONG,27.265321,88.4839788
Sikkim,KHAMDONG,27.265321,88.4839788
Sikkim,LACHEN MANGAN,27.6039119,88.6464449
Sikkim,LOOSING PACHEKHANI,27.5329,88.5122
Sikkim,MANEYBUNG-DENTAM,27.35046,88.73805
Sikkim,MARTAM,27.2620342,88.5556248
Sikkim,RUMTEK,27.3319,88.6019
Sikkim,MELLI,27.0911111,88.4575
Sikkim,NAMCHEYBUNG,27.5329,88.5122
Sikkim,NAMCHI-SINGHITHANG,27.1833698,88.3764535
Sikkim,NAMTHANG-RATEYPANI,27.1882725,88.4930465
Sikkim,PATHING,27.7306,88.6337
Sikkim,POKLOK-KAMRANG,27.17725,88.35085
Sikkim,RAKDONG TINTEK,27.59275,88.48882
Sikkim,RALANG,27.59275,88.48882
Sikkim,RANGANG-YANGANG,27.3,88.4333
Sikkim,RANKA,27.3438,88.5874
Sikkim,RATEYPANI - WEST PENDAM,27.26875,88.49347
Sikkim,REGU,27.14575,88.4254
Sikkim,RHENOCK,27.1482683,88.3451684
Sikkim,RINCHENPONG,27.23263,88.266342
Sikkim,RUMTEK,27.3059105,88.5362892
Sikkim,SALGHARI-ZOOM,27.132,88.2858
Sikkim,SANGHA,27.5329,88.5122
Sikkim,SHYARI,27.3217,88.6194
Sikkim,SOREONG,27.15282,88.2438209
Sikkim,SOREONG-CHAKUNG,27.15282,88.2438209
Sikkim,TASHIDING,26.9824,88.44155
Sikkim,TEMI-NAMPHING,27.229178,88.481698
Sikkim,TEMI-TARKU,27.2406395,88.4298287
Sikkim,TUMEN-LINGI,27.59275,88.48882
Sikkim,UPPER BURTUK,27.351114,88.619613
Sikkim,UPPER TADONG,27.2443534,88.2697546
Sikkim,WAK,27.167002,88.3652062
Sikkim,WEST PENDAM,27.218004,88.511403
Sikkim,YANGTHANG,31.8854704,78.6168206
Sikkim,YOKSAM,27.3691727,88.2222162
Sikkim,YOKSAM-TASHIDING,27.0667,88.4667
Andhra Pradesh,ACHAMPET,16.630373,80.1219215
Andhra Pradesh,ACHANTA,16.6020356,81.8076934
Andhra Pradesh,ADDANKI,15.80382,79.970428
Andhra Pradesh,ADILABAD,19.6667,78.5333
Andhra Pradesh,ADONI,15.624255,77.272586
Andhra Pradesh,ALAIR,17.64624,79.04624
Andhra Pradesh,ALAMPUR,15.8929664,78.0693042
Andhra Pradesh,ALAMURU,16.788931,81.8894119
Andhra Pradesh,ALLAGADDA,15.126699,78.508154
Andhra Pradesh,ALLAVARAM,16.517071,81.988491
Andhra Pradesh,ALLUR,14.688808,80.054171
Andhra Pradesh,AMADALAVALASA,18.41107,83.9070969
Andhra Pradesh,AMALAPURAM,17.664521,82.615507
Andhra Pradesh,AMARCHINTA,16.374712,77.772386
Andhra Pradesh,AMBERPET,17.391354,78.506462
Andhra Pradesh,AMMANABROLU,15.576129,80.148442
Andhra Pradesh,ANAKAPALLE,17.6947,83.0124
Andhra Pradesh,ANANTAPUR,14.6707094,77.5907443
Andhra Pradesh,ANANTAPUR URBAN,14.6707094,77.5907443
Andhra Pradesh,ANAPARTHI,16.9346502,81.9551186
Andhra Pradesh,ANDOLE,17.82755,78.095
Andhra Pradesh,ARAKU VALLEY,18.3333,82.8667
Andhra Pradesh,ARMUR,18.7894581,78.2892742
Andhra Pradesh,ASAFNAGAR,17.38664,78.45103
Andhra Pradesh,ASIFABAD,19.365021,79.293083
Andhra Pradesh,ASWARAOPETA,17.3406493,81.1205001
Andhra Pradesh,ATTILI,16.695256,81.59781
Andhra Pradesh,ATMAKUR,18.0669297,79.7361876
Andhra Pradesh,AVANIGADDA,16.0214271,80.915944
Andhra Pradesh,BADVEL,14.73757,79.063179
Andhra Pradesh,BAHDURPURA,17.35734,78.46027
Andhra Pradesh,BALIJIPETA,18.6105162,83.4484255
Andhra Pradesh,BALKONDA,18.872189,78.33793
Andhra Pradesh,BANAGANAPALLE,15.31037,78.223846
Andhra Pradesh,MACHILIPATNAM,16.1789341,81.131856
Andhra Pradesh,BANGARIPOLIEM,12.70286,78.3738
Andhra Pradesh,BANSWADA,18.3818488,77.8758114
Andhra Pradesh,BAPATLA,15.906499,80.471664
Andhra Pradesh,BEGUM BAZAR,17.37504,78.4705
Andhra Pradesh,BELLAMPALLY,19.07155,79.49117
Andhra Pradesh,BHADRACHALAM,17.6687912,80.8935925
Andhra Pradesh,BHIMLI,17.88656,83.447162
Andhra Pradesh,BHIMAVARAM,16.54542,81.531568
Andhra Pradesh,BHOGAPURAM,18.031729,83.494988
Andhra Pradesh,BHONGIR,17.515505,78.887468
Andhra Pradesh,BHUPALPALLE,18.4314357,79.8604831
Andhra Pradesh,BOATH,19.3427144,78.3161906
Andhra Pradesh,BOBBILI,18.5788945,83.353886
Andhra Pradesh,BODDAM,18.0119277,83.0804223
Andhra Pradesh,BODHAN,18.6667,77.9
Andhra Pradesh,BRAHMANATARLA,18.7458562,84.3844304
Andhra Pradesh,BUCHIREDDIPALEM,14.5351281,79.8772834
Andhra Pradesh,BUGGARAM,18.8649653,79.0489685
Andhra Pradesh,BURGAMPAHAD,17.6446434,80.8668369
Andhra Pradesh,BURUGUPUDI,17.201805,82.0992633
Andhra Pradesh,CHALAKURTHI,16.6962622,79.2697808
Andhra Pradesh,CHANDRAGIRI,13.58132,79.314522
Andhra Pradesh,CHANDRAYANGUTTA,17.32667,78.47654
Andhra Pradesh,CHANNUR,17.5160738,77.2261452
Andhra Pradesh,CHARMINAR,17.3615636,78.4746645
Andhra Pradesh,CHEEPURUPALLI,18.3105327,83.568301
Andhra Pradesh,CHENNUR,18.8558,79.8008
Andhra Pradesh,CHERIYAL,17.924471,78.975243
Andhra Pradesh,CHEVELLA,17.310906,78.136899
Andhra Pradesh,CHEYYERU,16.6027,82.1006
Andhra Pradesh,CHILAKALURIPET,16.0976789,80.1695314
Andhra Pradesh,CHILLAMCHERLA,17.42367,79.7904475
Andhra Pradesh,CHINNAKONDUR,18.1624589,78.89937
Andhra Pradesh,CHINNUR,17.577,77.76075
Andhra Pradesh,CHINTALAPUDI,17.068532,80.989597
Andhra Pradesh,CHINTAPALLI,16.6916805,80.1393692
Andhra Pradesh,CHIRALA,15.82821,80.356743
Andhra Pradesh,CHITTOOR,13.21709,79.1006
Andhra Pradesh,CHODAVARAM,16.8517,82.02995
Andhra Pradesh,CHOPPADANDI,18.576475,79.170197
Andhra Pradesh,KADAPA,14.4673541,78.8241339
Andhra Pradesh,CUMBUM,15.5927423,79.111184
Andhra Pradesh,DARSI,15.7945141,79.6666948
Andhra Pradesh,DENDULURU,16.758696,81.165547
Andhra Pradesh,DEVARAKONDA,16.69482,78.9253389
Andhra Pradesh,DEVARKADRA,16.620611,77.843047
Andhra Pradesh,DEVI,17.3157132,81.6699277
Andhra Pradesh,DHAMASAGAR,17.3471022,78.1628562
Andhra Pradesh,DHARMAVARAM,14.4137447,77.7126189
Andhra Pradesh,DHARMAPURI,15.02641,77.385311
Andhra Pradesh,DHONE,15.5502802,79.0709778
Andhra Pradesh,DICHPALLI,18.604466,78.2105857
Andhra Pradesh,DOMMAT,18.0123727,78.6058242
Andhra Pradesh,DORNAKAL,17.4451088,80.1568134
Andhra Pradesh,DUBBAK,18.1765344,78.6654033
Andhra Pradesh,DUGGIRALA,16.3277819,80.6238369
Andhra Pradesh,YELLAMANCHILI,17.5538433,82.852775
Andhra Pradesh,ELURU,16.7106604,81.0952431
Andhra Pradesh,EPANJERI,,
Andhra Pradesh,ETCHERLA,18.30335,83.82615
Andhra Pradesh,GADWAL,16.2066019,77.7901823
Andhra Pradesh,GAGAN MAHAL,17.4079957,78.4801671
Andhra Pradesh,GAJAPATHINAGARAM,18.2797697,83.3333474
Andhra Pradesh,GAJUWAKA,17.700008,83.216692
Andhra Pradesh,GAJWEL,17.84515,78.68183
Andhra Pradesh,GANGADHARA NELLORE,13.2326974,79.182364
Andhra Pradesh,GANNAVARAM,16.5418459,80.8048712
Andhra Pradesh,GHANPUR (STATION),17.8547828,79.3775144
Andhra Pradesh,GIDDALUR,17.8547828,79.3775144
Andhra Pradesh,GOLUGONDA,17.6794093,82.4678294
Andhra Pradesh,GOMPA,17.8206,82.8032
Andhra Pradesh,GOOTY,15.1131023,77.6362459
Andhra Pradesh,GOPALAPURAM,13.050352,80.256103
Andhra Pradesh,GORANTLA,13.9837994,77.7723234
Andhra Pradesh,GOSHAMAHAL,17.3778995,78.4682205
Andhra Pradesh,GUDEM,18.2638986,83.4550133
Andhra Pradesh,GUDIVADA,18.0440718,83.1201222
Andhra Pradesh,GUDUR,14.1463188,79.8503887
Andhra Pradesh,GUNTAKAL,15.1674091,77.3736238
Andhra Pradesh,GUNTUR EAST,16.3066525,80.4365402
Andhra Pradesh,GUNTUR I,16.298516,80.433641
Andhra Pradesh,GUNTUR II,15.9031635,80.8888002
Andhra Pradesh,GUNTUR WEST,16.3066525,80.4365402
Andhra Pradesh,GURZALA,16.556861,79.633222
Andhra Pradesh,HANAMKONDA,18.0056228,79.5572463
Andhra Pradesh,HARASAPUR,16.4329833,81.6966198
Andhra Pradesh,HARISHCHANDRA PURAM,16.7868751,80.9408179
Andhra Pradesh,HASANPARTHY,18.0655189,79.524773
Andhra Pradesh,HIGH COURT,17.3681,78.47414
Andhra Pradesh,HIMAYATNAGAR,17.4020637,78.4840052
Andhra Pradesh,HINDUPUR,13.8289,77.4933
Andhra Pradesh,HUSNABAD,17.054081,77.653852
Andhra Pradesh,HUZURABAD,18.2018938,79.3967075
Andhra Pradesh,HUZURNAGAR,16.9031937,79.8767485
Andhra Pradesh,HYDERABAD EAST,17.393986,78.467759
Andhra Pradesh,IBRAHIMPATNAM,17.19515,78.656242
Andhra Pradesh,ICHCHAPURAM,19.1096,84.694504
Andhra Pradesh,INDURTHI,18.2380392,79.1957558
Andhra Pradesh,JADCHERLA,16.774646,78.13388
Andhra Pradesh,JAGGAMPETA,17.1711431,82.0636696
Andhra Pradesh,JAGGAYYAPET,16.9,80.1
Andhra Pradesh,JAGTIAL,18.795427,78.91787
Andhra Pradesh,JAMI,18.0512487,83.2611147
Andhra Pradesh,JAMMALAMADUGU,14.83914,78.38092
Andhra Pradesh,JANGAON,17.721055,79.1604119
Andhra Pradesh,JUBILEE HILLS,17.4124395,78.3949815
Andhra Pradesh,JUKKAL,18.6725107,78.0940807
Andhra Pradesh,KADIAM,16.9135908,81.8182663
Andhra Pradesh,KADIRI,14.1130272,78.1605586
Andhra Pradesh,KAIKALUR,16.5418086,81.202679
Andhra Pradesh,KAKINADA,16.945189,82.238639
Andhra Pradesh,KAKINADA CITY,16.945181,82.238647
Andhra Pradesh,KAKINADA RURAL,16.9954577,82.2428378
Andhra Pradesh,KALAHASTI,13.75269,79.7037579
Andhra Pradesh,KALWAKURTHY,16.6774609,78.484052
Andhra Pradesh,KALYANDURG,14.54519,77.1055219
Andhra Pradesh,KAMALAPUR,18.174103,79.525418
Andhra Pradesh,KAMALAPURAM,14.59964,78.672852
Andhra Pradesh,KAMAREDDY,18.317829,78.347137
Andhra Pradesh,KANCHIKACHERLA,16.68558,80.39648
Andhra Pradesh,KANDUKUR,17.0636719,78.4886912
Andhra Pradesh,KANIGIRI,15.4047653,79.5067131
Andhra Pradesh,KANITHI,17.6818851,83.2052985
Andhra Pradesh,KANKIPADU,16.4472384,80.7636326
Andhra Pradesh,KARAPA,16.9018322,82.1693177
Andhra Pradesh,KARIMNAGAR,18.4385553,79.1288412
Andhra Pradesh,KARWAN,17.3812127,78.4325505
Andhra Pradesh,KAVALI,14.74825,79.6594
Andhra Pradesh,KHAIRATABAD,17.413395,78.461131
Andhra Pradesh,KHAMMAM,17.2472528,80.1514447
Andhra Pradesh,KHANAPUR,19.0413819,78.6483843
Andhra Pradesh,KODAD,16.9091951,79.8531471
Andhra Pradesh,KODANGAL,17.104148,77.632946
Andhra Pradesh,KODUMUR,15.67874,77.771103
Andhra Pradesh,KODUR,13.9569044,79.3505607
Andhra Pradesh,KOILKUNTLA,15.2287,78.31607
Andhra Pradesh,KOLLAPUR,17.59287,80.008641
Andhra Pradesh,KONDAKARLA,17.5969656,82.9844276
Andhra Pradesh,KONDAPI,15.411183,79.858757
Andhra Pradesh,KORATLA,18.824818,78.7187391
Andhra Pradesh,KORUKONDA,17.1704167,81.8265259
Andhra Pradesh,KOSIGI,15.856266,77.2431485
Andhra Pradesh,KOTHAGUDEM,17.5560036,80.6143961
Andhra Pradesh,KOTHAPETA,16.7160148,81.8957846
Andhra Pradesh,KOTHURU,18.7028487,84.2344657
Andhra Pradesh,KOVUR,14.5012083,79.9881276
Andhra Pradesh,KUCHINAPUDI,15.962373,80.749849
Andhra Pradesh,KUKATPALLY,17.4947934,78.3996441
Andhra Pradesh,KUPPAM,12.74631,78.344147
Andhra Pradesh,KURNOOL,15.8281257,78.0372792
Andhra Pradesh,KURUPAM,18.8668799,83.5509886
Andhra Pradesh,LAKKIREDDIPALLI,14.18583,78.698517
Andhra Pradesh,LAL BAHADUR NAGAR,17.3464964,78.550961
Andhra Pradesh,LUXETTIPET,18.8918575,79.196492
Andhra Pradesh,MACHERLA,16.47714,79.444038
Andhra Pradesh,MADAKASIRA,13.9402793,77.2717168
Andhra Pradesh,MADANAPALLE,13.55,78.5
Andhra Pradesh,MADHIRA,16.921555,80.3666409
Andhra Pradesh,MADOOR,18.0177351,78.3906218
Andhra Pradesh,MADUGULA,17.914668,82.818934
Andhra Pradesh,MAHABUBABAD,17.5975284,80.0015307
Andhra Pradesh,MAHBUBNAGAR,16.723522,78.0011525
Andhra Pradesh,MAHARAJGANJ,17.3681,78.47414
Andhra Pradesh,MAHESHWARAM,17.132669,78.4368256
Andhra Pradesh,MAIDARAM,18.3223137,80.2404959
Andhra Pradesh,MAKTHAL,16.45542,77.41696
Andhra Pradesh,MALAKPET,17.3728639,78.4894015
Andhra Pradesh,MALKAJGIRI,17.450888,78.5291706
Andhra Pradesh,MALLESWARAM,13.0084186,77.5705392
Andhra Pradesh,MANAKONDUR,18.401629,79.189107
Andhra Pradesh,MANCHERIAL,18.869063,79.455752
Andhra Pradesh,MANDAPETA,16.8667,81.9333
Andhra Pradesh,MANGALAGIRI,16.4374794,80.5761721
Andhra Pradesh,MANTHANI,18.6509942,79.6681536
Andhra Pradesh,MANTRALAYAM,15.9413776,77.4257319
Andhra Pradesh,MARKAPUR,15.7361535,79.269125
Andhra Pradesh,MARTUR,15.5057302,80.049915
Andhra Pradesh,MEDAK,18.05514,78.276031
Andhra Pradesh,MEDCHAL,17.62948,78.4943009
Andhra Pradesh,METPALLI,18.8492328,78.6261584
Andhra Pradesh,MIDTHUR,15.7361046,78.2849908
Andhra Pradesh,MIRYALGUDA,17.4605556,78.5447222
Andhra Pradesh,MUDHOLE,18.9767654,77.9156382
Andhra Pradesh,MUDINEPALLI,16.4134697,81.103207
Andhra Pradesh,MULUG,18.1932372,79.9413676
Andhra Pradesh,MUMMIDIVARAM,16.6414998,82.1042955
Andhra Pradesh,MUNUGODE,17.08825,79.0569
Andhra Pradesh,MUSHEERABAD,17.4156778,78.4993302
Andhra Pradesh,MYDARAM,18.322,80.24049
Andhra Pradesh,MYDUKUR,14.7295726,78.7334502
Andhra Pradesh,MYLAVARAM,16.166709,81.133291
Andhra Pradesh,NAGARAM,16.0127676,80.7205932
Andhra Pradesh,NAGARI,13.31781,79.586014
Andhra Pradesh,NAGARIKATAKAM,18.5785365,83.971119
Andhra Pradesh,NAGARJUNA SAGAR,16.5842247,79.3179595
Andhra Pradesh,NAGARKURNOOL,16.4859287,78.3044555
Andhra Pradesh,NAGURU,18.2449,83.65047
Andhra Pradesh,NAKREKAL,17.1649013,79.4271379
Andhra Pradesh,NALGONDA,17.052389,79.2671809
Andhra Pradesh,NALLAMADA,14.1416836,77.9831441
Andhra Pradesh,NAMPALLI,17.38364,78.466964
Andhra Pradesh,NANDIGAMA,16.7725089,80.285935
Andhra Pradesh,NANDIKOTKUR,15.8555925,78.2645887
Andhra Pradesh,NANDIPAD,14.8003688,79.3487459
Andhra Pradesh,NANDYAL,15.4762523,78.480154
Andhra Pradesh,NARASANNAPETA,18.4163638,84.0459255
Andhra Pradesh,NARSIPATNAM,17.664511,82.615517
Andhra Pradesh,NARASAPURAM,14.5058789,80.16936
Andhra Pradesh,NARASARAOPET,16.236389,80.05471
Andhra Pradesh,NARASIPATNAM,17.664511,82.615517
Andhra Pradesh,NARAYANKHED,18.0342551,77.7750292
Andhra Pradesh,NARAYANPET,16.742308,77.494251
Andhra Pradesh,NARELLA,18.9224022,79.0291903
Andhra Pradesh,NARSAMPET,17.9281222,79.8945297
Andhra Pradesh,NARSAPUR,16.4329833,81.6966198
Andhra Pradesh,NELLIMARLA,18.164286,83.453464
Andhra Pradesh,NELLORE,14.4425987,79.986456
Andhra Pradesh,NELLORE CITY,14.4425987,79.986456
Andhra Pradesh,NELLORE RURAL,14.1472315,79.810063
Andhra Pradesh,NERELLA,18.1624164,79.5729869
Andhra Pradesh,NIDADAVOLE,16.91671,81.66669
Andhra Pradesh,NIDUMOLU,16.2586379,81.0230149
Andhra Pradesh,NIRMAL,19.0964117,78.342975
Andhra Pradesh,NIZAMABAD,18.6725047,78.0940867
Andhra Pradesh,NIZAMABAD (RURAL),18.6725047,78.0940867
Andhra Pradesh,NIZAMABAD (URBAN),18.6725047,78.0940867
Andhra Pradesh,NUSTHULAPUR,18.3159196,79.1760161
Andhra Pradesh,NUZVID,16.784719,80.849876
Andhra Pradesh,ONGOLE,15.5038131,80.0275033
Andhra Pradesh,PACHIPENTA,18.4785757,83.1124329
Andhra Pradesh,PADERU,18.07547,82.665154
Andhra Pradesh,PALAKOL,16.5174552,81.7253415
Andhra Pradesh,PALAIR,17.1980764,79.8933896
Andhra Pradesh,PALAKONDA,18.6006737,83.7575774
Andhra Pradesh,PALAKURTHI,18.61571,79.38029
Andhra Pradesh,PALAMANER,13.1990798,78.7469436
Andhra Pradesh,PALASA,18.7707681,84.4163578
Andhra Pradesh,PALLIPALEM,16.7610949,82.1849588
Andhra Pradesh,PALMANER,13.2055,78.74607
Andhra Pradesh,PALWANCHA,18.3195,78.4353
Andhra Pradesh,PAMARRU,16.3229848,80.9612078
Andhra Pradesh,PANYAM,15.51441,78.3486
Andhra Pradesh,PRODDATUR,14.76765,78.5448
Andhra Pradesh,PARAVADA,17.6217306,83.0817699
Andhra Pradesh,PARCHUR,15.9638688,80.2739458
Andhra Pradesh,PARGI,17.175431,77.876247
Andhra Pradesh,PARKAL,18.191239,79.7061373
Andhra Pradesh,PARVATHIPURAM,18.780371,83.432899
Andhra Pradesh,PATANCHERU,17.5314,78.265
Andhra Pradesh,PATHAPATNAM,18.743848,84.085417
Andhra Pradesh,PATHERGATTI,17.363704,78.47508
Andhra Pradesh,PATHIKONDA,13.2001765,78.6483843
Andhra Pradesh,PAYAKARAOPET,17.3617463,82.5591603
Andhra Pradesh,PEDAKURAPADU,16.4706408,80.2558288
Andhra Pradesh,PEDAMANAPURAM,18.3497161,83.3335151
Andhra Pradesh,PEDANA,16.262808,81.149008
Andhra Pradesh,PEDDAKAKANI,16.3401979,80.491047
Andhra Pradesh,PEDDAPALLE,18.6084482,79.378709
Andhra Pradesh,PEDDAPURAM,17.079497,82.14108
Andhra Pradesh,PEDDAVOORA,16.7279,79.20916
Andhra Pradesh,PENAMALURU,16.4611258,80.7186697
Andhra Pradesh,PENDURTHI,17.813683,83.205205
Andhra Pradesh,PENTAPADU,16.7803742,81.5253564
Andhra Pradesh,PENUKONDA,14.0844312,77.5973233
Andhra Pradesh,PHIRANGIPURAM,16.291861,80.261307
Andhra Pradesh,PILERU,13.6554475,78.9415277
Andhra Pradesh,PINAPAKA,18.0240761,80.688865
Andhra Pradesh,PITHAPURAM,17.11629,82.259679
Andhra Pradesh,PODILI,15.6070347,79.6146273
Andhra Pradesh,POLAVARAM,17.2478932,81.6432353
Andhra Pradesh,PONDURU,18.3569699,83.7780005
Andhra Pradesh,PONNUR,16.0685991,80.5481667
Andhra Pradesh,PRATHIPADU,16.183611,80.339157
Andhra Pradesh,PULIVENDULA,14.4222318,78.2263388
Andhra Pradesh,PUNGANUR,13.3604,78.570221
Andhra Pradesh,PUTHALAPATTU,13.2171083,79.1006618
Andhra Pradesh,PUTLOOR,14.81258,77.9667
Andhra Pradesh,PUTTAPARTHI,14.1675,77.8113889
Andhra Pradesh,PUTTUR,13.4383801,79.5519144
Andhra Pradesh,QUTHBULLAPUR,17.49833,78.45805
Andhra Pradesh,RAJAHMUNDRY,17.0005493,81.8040235
Andhra Pradesh,RAJAHMUNDRY CITY,17.0005383,81.8040345
Andhra Pradesh,RAJAM,17.73702,82.890766
Andhra Pradesh,RAJAMPET,14.196678,79.1566324
Andhra Pradesh,RAJAMUNDRY RURAL,17.0005493,81.8040235
Andhra Pradesh,RAJANAGARAM,17.083333,81.9
Andhra Pradesh,RAJENDRANAGAR,17.2366706,78.4298816
Andhra Pradesh,RAMACHANDRAPURAM,16.83033,82.030731
Andhra Pradesh,RAMAGUNDAM,18.7143935,79.3704706
Andhra Pradesh,RAMAKRISHNARAJUPET,12.99985,79.61852
Andhra Pradesh,RAMANNAPET,18.7206252,78.8998259
Andhra Pradesh,RAMATHIRTHAM,15.48955,78.4794
Andhra Pradesh,RAMAYAMPET,18.096844,78.3260932
Andhra Pradesh,RAMCHANDRAPURAM,16.83033,82.030731
Andhra Pradesh,RAPTADU,14.6165701,77.6057331
Andhra Pradesh,RAPUR,14.1993389,79.5348952
Andhra Pradesh,RAYACHOTI,14.0585458,78.7518863
Andhra Pradesh,RAYADURG,14.696734,76.8546688
Andhra Pradesh,RAZOLE,16.474437,81.835922
Andhra Pradesh,PEDDAKURAPADU,16.459643,80.254268
Andhra Pradesh,REPALLE,16.01799,80.840721
Andhra Pradesh,REVIDI,17.9653841,83.3729288
Andhra Pradesh,SADASIVPET,17.6130148,77.9487587
Andhra Pradesh,SALUR,18.517099,83.209503
Andhra Pradesh,SAMALKOT,17.053591,82.177231
Andhra Pradesh,SAMPARA,16.9081591,82.1053879
Andhra Pradesh,SANATHNAGAR,17.4575848,78.443917
Andhra Pradesh,SANGAREDDY,17.62447,78.088303
Andhra Pradesh,SANTHANUTHALAPADU,15.5411264,79.940256
Andhra Pradesh,SARVEPALLI,14.2919352,79.9724245
Andhra Pradesh,SATHIVADA,18.3067,84.06275
Andhra Pradesh,SATHUPALLI,17.2007295,80.4907195
Andhra Pradesh,SATTENAPALLI,16.397141,80.15181
Andhra Pradesh,SATYAVEDU,13.436596,79.951868
Andhra Pradesh,SECUNDERABAD,17.4276281,78.4538238
Andhra Pradesh,SECUNDERABAD CANTONMENT,17.465574,78.4922504
Andhra Pradesh,SECUNDERABAD CITY,17.4399295,78.4982741
Andhra Pradesh,SERILINGAMPALLY,17.48,78.33
Andhra Pradesh,SHADNAGAR,17.071311,78.205171
Andhra Pradesh,SHAHABAD,17.160091,78.133122
Andhra Pradesh,SHERMUHAMMADPURAM,18.30335,83.82615
Andhra Pradesh,SHUJATNAGAR,17.4852531,80.5764795
Andhra Pradesh,SHYAMPET,17.9821675,79.5687728
Andhra Pradesh,SIDDIPET,18.1019043,78.852077
Andhra Pradesh,SINGANAMALA,14.8000291,77.717308
Andhra Pradesh,SIRCILLA,18.3908099,78.815819
Andhra Pradesh,SIRPUR,19.4764899,79.583923
Andhra Pradesh,SIRVAL,15.3242464,78.5411034
Andhra Pradesh,SITARAMBAGH,17.38592,78.45424
Andhra Pradesh,SOMPARA,16.9081591,82.1053879
Andhra Pradesh,SOMPETA,18.93742,84.590157
Andhra Pradesh,SRIKALAHASTI,13.7869563,79.7341014
Andhra Pradesh,SRIKAKULAM,18.2969747,83.8967813
Andhra Pradesh,SRISAILAM,16.0732748,78.8687291
Andhra Pradesh,SRUNGAVARAPUKOTA,18.1111803,83.1393007
Andhra Pradesh,SULLURPETA,13.7006112,80.0147487
Andhra Pradesh,SULTAN BAZAR,17.3863,78.483008
Andhra Pradesh,SULTANABAD,18.52882,79.325951
Andhra Pradesh,SULURPET,13.7006012,80.0147587
Andhra Pradesh,SURYAPET,17.139561,79.623734
Andhra Pradesh,TADEPALLIGUDEM,16.8138415,81.521241
Andhra Pradesh,TADIKONDA,16.42255,80.456757
Andhra Pradesh,TADPATRI,14.90405,78.007736
Andhra Pradesh,TALLAREVU,16.7819368,82.2325137
Andhra Pradesh,TANDUR,17.2575756,77.5874633
Andhra Pradesh,TANUKU,16.7571731,81.6799629
Andhra Pradesh,TAVANAMPALLE,13.2329096,79.0051685
Andhra Pradesh,TEKKALI,18.56915,83.13189
Andhra Pradesh,TENALI,16.2202889,80.650589
Andhra Pradesh,THAMBALLAPALLE,14.9683767,77.6364299
Andhra Pradesh,THERLAM,18.496067,83.4670225
Andhra Pradesh,THUNGATHURTHY,17.41059,79.6156
Andhra Pradesh,TIRUPATI,13.6287557,79.4191795
Andhra Pradesh,TIRUTTANI,13.1733,79.6167679
Andhra Pradesh,TIRUVURU,18.1,80.6333329
Andhra Pradesh,TUNI,17.355379,82.548897
Andhra Pradesh,UDAYAGIRI,14.87504,79.29805
Andhra Pradesh,UNDI,16.586313,81.467693
Andhra Pradesh,UNGUTURU,16.5265369,80.8792871
Andhra Pradesh,VUNUKURU,18.51425,83.65167
Andhra Pradesh,UPPAL,17.4018092,78.5601892
Andhra Pradesh,URAVAKONDA,14.9944889,77.2696349
Andhra Pradesh,UTTARAPALLI,17.895401,83.198002
Andhra Pradesh,VADAMALPET,13.5492114,79.524513
Andhra Pradesh,VAYALPAD,13.63652,78.631317
Andhra Pradesh,VEMSOOR,17.13018,80.7907
Andhra Pradesh,VEMULAWADA,18.4681062,78.8671321
Andhra Pradesh,VEMURU,16.177978,80.7394572
Andhra Pradesh,VENKATAGIRI,13.95596,79.5812
Andhra Pradesh,VINUKONDA,16.0498648,79.7217498
Andhra Pradesh,VEPANJERI,13.2238017,79.2315206
Andhra Pradesh,VICARABAD,17.33,77.9
Andhra Pradesh,VIJAYAWADA NORTH,16.5061743,80.6480153
Andhra Pradesh,VIJAYAWADA CENTRAL,16.6028489,80.3101584
Andhra Pradesh,VIJAYAWADA EAST,16.5061743,80.6480153
Andhra Pradesh,VIJAYAWADA SOUTH,16.6028489,80.3101584
Andhra Pradesh,VIJAYAWADA WEST,16.5061743,80.6480153
Andhra Pradesh,VISAKHAPATNAM,17.7391502,83.3027318
Andhra Pradesh,VISAKHAPATNAM EAST,17.6868159,83.2184815
Andhra Pradesh,VISAKHAPATNAM I,17.6868159,83.2184815
Andhra Pradesh,VISAKHAPATNAM II,17.9290892,83.4250367
Andhra Pradesh,VISAKHAPATNAM NORTH,17.7391502,83.3027318
Andhra Pradesh,VISAKHAPATNAM SOUTH,17.7391502,83.3027318
Andhra Pradesh,VISAKHAPATNAM WEST,17.6868159,83.2184815
Andhra Pradesh,VIZIANAGARAM,18.1066576,83.3955506
Andhra Pradesh,VUYYUR,16.3674975,80.8435391
Andhra Pradesh,WANAPARTHY,16.3623118,78.0621824
Andhra Pradesh,WARANGAL,18.000055,79.588167
Andhra Pradesh,WARANGAL EAST,18.000055,79.588167
Andhra Pradesh,WARANGAL WEST,18.000055,79.588167
Andhra Pradesh,WARDHANNAPET,17.752508,79.5406738
Andhra Pradesh,WYRA,17.1875607,80.3646667
Andhra Pradesh,YAKUTPURA,17.3595152,78.4851396
Andhra Pradesh,YELLANDA,17.7918404,79.59265
Andhra Pradesh,YELLAREDDY,18.191219,78.023193
Andhra Pradesh,YELLAVARAM,17.4287052,82.0304966
Andhra Pradesh,YEMMIGANUR,15.6156292,77.5668542
Andhra Pradesh,YERPEDU,13.6940232,79.5923428
Andhra Pradesh,YERRAGONDAPALEM,16.04483,79.307571
Andhra Pradesh,ZAHIRABAD,17.6833,77.6167
