STATE,PC,Lat,Long
GUJARAT,MANDVI,22.83317,69.346367
GUJARAT,PORBANDAR,21.6417069,69.6292654
KUTCH,KUTCH EAST,23.1498405,69.7046685
KUTCH,KUTCH WEST,23.1498405,69.7046685
GUJARAT,KACHCHH,23.7337326,69.8597406
GUJARAT,KUTCH,23.7337326,69.8597406
GUJARAT,JAMNAGAR,22.4707019,70.05773
SAURASHTRA,SORATH,21.4689816,70.3702909
GUJARAT,JUNAGADH,21.522184,70.4578768
GUJARAT,RAJKOT,22.3038945,70.8021599
SAURASHTRA,MADHYA SAURASHTRA,22.3038945,70.8021599
GUJARAT,AMRELI,21.602871,71.21817
RAJASTHAN,BARMER JALORE,24.729067,71.3641338
RAJASTHAN,BARMER,25.75,71.3833
GUJARAT,SURENDRANAGAR,22.7288036,71.6258023
MYSORE,KANARA,22.3522037,71.7311079
GUJARAT,DHANDHUKA,22.381099,71.98294
GUJARAT,PATAN,23.850809,72.114838
GUJARAT,BHAVNAGAR,21.7644725,72.1519304
SAURASHTRA,GOHILWAD,21.7644725,72.1519304
SAURASHTRA,GOHILWAD SORATH,21.7644725,72.1519304
GUJARAT,BANASKANTHA,24.3070289,72.3514618
GUJARAT,MAHESANA,23.5879607,72.3693252
GUJARAT,MEHSANA,23.5879607,72.3693252
GUJARAT,SABARMATI,22.4009093,72.372549
SAURASHTRA,ZALAWAD,23.0010292,72.5570476
GUJARAT,AHMEDABAD,23.0395677,72.5660045
GUJARAT,AHMEDABAD EAST,23.0395677,72.5660045
GUJARAT,AHMEDABAD WEST,23.0395677,72.5660045
RAJASTHAN,JALORE,25.34399,72.615753
GUJARAT,GANDHINAGAR,23.2248196,72.6463769
MAHARASHTRA,DAHANU,19.957793,72.7456739
GUJARAT,KAIRA,19.7897227,72.7599575
MAHARASHTRA,PALGHAR,19.7019886,72.7747325
BOMBAY,RAMTEK,18.9531044,72.7951079
BOMBAY,KOLABA,18.9037004,72.8131432
BOMBAY,MIRAJ,19.2003443,72.8175684
MAHARASHTRA,BOMBAY CENTRAL,18.9707147,72.8194213
GUJARAT,SURAT,21.195,72.819444
BOMBAY,PATAN,18.9948321,72.8198137
BOMBAY,SURAT,21.1959207,72.8232314
BOMBAY,RATNAGIRI,19.0667554,72.8312154
BOMBAY,RATNAGIRI NORTH,19.0667554,72.8312154
BOMBAY,RATNAGIRI SOUTH,19.0667554,72.8312154
BOMBAY,DOHAD,19.1128038,72.831351
BOMBAY,KHED,19.0143566,72.8329073
MAHARASHTRA,BOMBAY CITY CENTRAL SOUTH,19.0752411,72.8360359
MAHARASHTRA,BOMBAY SOUTH CENTRAL,19.0752411,72.8360359
MAHARASHTRA,MUMBAI SOUTH CENTRAL,19.0752411,72.8360359
BOMBAY,BOMBAY CITY CENTRAL,19.0057726,72.8361859
MAHARASHTRA,BOMBAY CITY CENTRAL NORTH,19.0784295,72.8363493
MAHARASHTRA,BOMBAY NORTH CENTRAL,19.0784295,72.8363493
MAHARASHTRA,MUMBAI NORTH CENTRAL,19.0784295,72.8363493
BOMBAY,AMRAVATI,18.960676,72.836562
BOMBAY,MANDVI,18.953815,72.838308
BOMBAY,AHMEDABAD,18.9510043,72.838987
BOMBAY,NASIK CENTRAL,18.988844,72.839349
BOMBAY,POONA CENTRAL,18.9556681,72.8394985
BOMBAY,POONA SOUTH,18.9555383,72.8400966
BOMBAY,SHOLAPUR,18.9566383,72.8403593
BOMBAY,BARODA,19.0313124,72.8472554
BOMBAY,BARODA WEST,19.0313124,72.8472554
BOMBAY,CHANDA,19.0228959,72.8600174
BOMBAY,BHANDARA,19.0816671,72.8703456
DAMAN & DIU,DAMAN & DIU,20.421865,72.8736877
BOMBAY,AHMEDNAGAR NORTH,19.0759837,72.8776559
BOMBAY,BANASKANTHA,19.0759837,72.8776559
BOMBAY,BARAMATI,19.0759837,72.8776559
BOMBAY,BHUSAWAL,19.0759837,72.8776559
BOMBAY,BIJAPUR NORTH,19.0759837,72.8776559
BOMBAY,BIJAPUR SOUTH,19.0759837,72.8776559
BOMBAY,BOMBAY CITY NORTH,19.0759837,72.8776559
BOMBAY,BOMBAY CITY SOUTH,19.0759837,72.8776559
BOMBAY,BOMBAY SUBURBAN,19.0759837,72.8776559
BOMBAY,GOHILWAD,19.0759837,72.8776559
BOMBAY,HALAR,19.0759837,72.8776559
BOMBAY,JALNA,19.0759837,72.8776559
BOMBAY,KAIRA,19.0759837,72.8776559
BOMBAY,KAIRA NORTH,19.0759837,72.8776559
BOMBAY,KAIRA SOUTH,19.0759837,72.8776559
BOMBAY,KANARA,19.0759837,72.8776559
BOMBAY,KARAD,19.0759837,72.8776559
BOMBAY,KOLHAPUR CUM SATARA,19.0759837,72.8776559
BOMBAY,KUTCH,19.0759837,72.8776559
BOMBAY,MADHYA SAURASHTRA,19.0759837,72.8776559
BOMBAY,MALEGAON,19.0759837,72.8776559
BOMBAY,MEHSANA,19.0759837,72.8776559
BOMBAY,MEHSANA EAST,19.0759837,72.8776559
BOMBAY,MEHSANA WEST,19.0759837,72.8776559
BOMBAY,OSMANABAD,19.0759837,72.8776559
BOMBAY,PANCCHMAHALS CUM BARODA EAST,19.0759837,72.8776559
BOMBAY,PANCHMAHALS,19.0759837,72.8776559
BOMBAY,PARBHANI,19.0759837,72.8776559
BOMBAY,RAJAPUR,19.0759837,72.8776559
BOMBAY,SORATH,19.0759837,72.8776559
BOMBAY,THANA,19.0759837,72.8776559
BOMBAY,YEOTMAL,19.0759837,72.8776559
BOMBAY,ZALAWAD,19.0759837,72.8776559
MAHARASHTRA,BOMBAY CITY NORTH,19.0759837,72.8776559
MAHARASHTRA,BOMBAY CITY SOUTH,19.0759837,72.8776559
MAHARASHTRA,BOMBAY NORTH,19.0759837,72.8776559
MAHARASHTRA,BOMBAY NORTH EAST,19.0759837,72.8776559
MAHARASHTRA,BOMBAY NORTH WEST,19.0759837,72.8776559
MAHARASHTRA,BOMBAY SOUTH,19.0759837,72.8776559
MAHARASHTRA,KOLABA,19.0759837,72.8776559
MAHARASHTRA,MUMBAI NORTH,19.0759837,72.8776559
MAHARASHTRA,MUMBAI NORTH EAST,19.0759837,72.8776559
MAHARASHTRA,MUMBAI NORTH WEST,19.0759837,72.8776559
MAHARASHTRA,MUMBAI SOUTH,19.0759837,72.8776559
BOMBAY,KOLHAPUR,19.077063,72.8840395
BOMBAY,WARDHA,19.0836123,72.8850732
BOMBAY,ANAND,19.0846296,72.9012609
GUJARAT,NAVSARI,20.951851,72.921463
BOMBAY,GIRNAR,19.0366393,72.9234711
GUJARAT,BULSAR,20.610069,72.925858
GUJARAT,VALSAD,20.610069,72.925858
SAURASHTRA,HALAR,20.6034588,72.9261243
GUJARAT,ANAND,22.560869,72.954773
BOMBAY,SABARKANTHA,23.5920881,72.9710488
MAHARASHTRA,THANA,19.2183307,72.9780897
MAHARASHTRA,THANE,19.2183307,72.9780897
BOMBAY,BULSAR,20.6981986,72.9804499
GUJARAT,BHARUCH,21.7051358,72.9958748
GUJARAT,BROACH,21.7051358,72.9958748
BOMBAY,BHIR,19.0828792,72.9984633
BOMBAY,BROACH,21.724864,73.0013097
D&N HAVELI,DADRA & NAGAR HAVELI,20.1808672,73.0169135
RAJASTHAN,JODHPUR,26.2389469,73.0243094
MAHARASHTRA,BHIWANDI,19.2812547,73.0482912
RAJASTHAN,SIROHI PALI,24.7961626,73.0552854
GUJARAT,KAPADVANJ,23.021549,73.069481
BOMBAY,KOPARGAON,19.2138127,73.0752068
BOMBAY,AHMEDNAGAR,19.263363,73.0881284
GUJARAT,KHED,23.665533,73.0973396
GUJARAT,BARDOLI,21.117024,73.107676
MAHARASHTRA,KALYAN,19.2412011,73.1290596
GUJARAT,BARODA,22.3073095,73.1810976
GUJARAT,VADODARA,22.3073095,73.1810976
MAHARASHTRA,RAIGAD,18.5157519,73.1821623
GUJARAT,SABARKANTHA,23.6843587,73.1821623
MAHARASHTRA,RATNAGIRI,16.990215,73.3120233
RAJASTHAN,BIKANER,28.01989,73.317551
RAJASTHAN,NAGAUR PALI,25.7710893,73.3234478
RAJASTHAN,PALI,25.7710893,73.3234478
MAHARASHTRA,KHED,17.7195516,73.3968136
GUJARAT,DABHOI,22.129471,73.417557
MAHARASHTRA,MAVAL,18.7562767,73.456324
MAHARASHTRA,RAJAPUR,16.65604,73.517776
GUJARAT,GODHRA,22.7651499,73.6093829
LAKSHADWEEP,LAKSHADWEEP,10.0760114,73.6303446
RAJASTHAN,UDAIPUR,24.5712699,73.6915439
RAJASTHAN,NAGAUR,27.1991222,73.740924
GUJARAT,PANCHMAHAL,22.8208623,73.7477857
GUJARAT,PANCHMAHALS,22.8208623,73.7477857
BOMBAY,NASHIK,19.9974533,73.7898023
MAHARASHTRA,NASHIK,19.9974533,73.7898023
GOA,MARMAGOA,15.4,73.8
"GOA, DAMAN & DIU",MARMAGOA,15.4,73.8
GOA,PANAJI,15.493,73.818
MAHARASHTRA,DINDORI,20.2041657,73.8272029
BOMBAY,PUNE,18.5204303,73.8567437
MAHARASHTRA,PUNE,18.5204303,73.8567437
BOMBAY,NANDED,18.513113,73.879872
RAJASTHAN,RAJSAMAND,25.0667,73.8833
RAJASTHAN,GANGANAGAR,29.9167,73.8833
"GOA, DAMAN & DIU",PANAJI,15.5038215,73.9123251
"GOA, DAMAN & DIU",PANJIM,15.5038215,73.9123251
GOA,NORTH GOA,15.5163112,73.9830029
MAHARASHTRA,SATARA,17.691401,74.000938
GUJARAT,CHHOTA UDAIPUR,22.30868,74.013184
BOMBAY,NORTH SATARA,17.6860945,74.0245083
BOMBAY,SATARA,17.6860945,74.0245083
BOMBAY,SOUTH SATARA,17.6860945,74.0245083
PUNJAB,FAZILKA,30.403721,74.025543
RAJASTHAN,SALUMBER,24.134855,74.044622
GOA,SOUTH GOA,15.1596785,74.07701
MAHARASHTRA,KARAD,17.2865,74.181428
MAHARASHTRA,NANDURBAR,21.3755507,74.2427644
MAHARASHTRA,KOLHAPUR,16.6913076,74.2448662
GUJARAT,DAHOD,22.8323,74.2534639
GUJARAT,DOHAD,22.8323,74.2534639
JAMMU & KASHMIR,BARAMULLA,34.211475,74.343896
RAJASTHAN,BIKANER CHURU,28.0578342,74.3447879
MAHARASHTRA,SHIRUR,18.8258884,74.3792737
BOMBAY,BELGAUM SOUTH,16.3154776,74.4261906
RAJASTHAN,BANSWARA DUNGARPUR,23.5640835,74.4347315
RAJASTHAN,BANSWARA,23.540541,74.4422529
MAHARASHTRA,HATKANANGLE,16.7445608,74.4467007
MAHARASHTRA,ICHALKARANJI,16.7,74.4667
MAHARASHTRA,SHIRDI,19.7667,74.4833
MAHARASHTRA,KOPARGAON,19.8833,74.4833
BOMBAY,AHMEDNAGAR SOUTH,19.8636436,74.4917361
KARNATAKA,BELGAUM,15.8667,74.5
MYSORE,BELGAUM,15.8667,74.5
MAHARASHTRA,MALEGAON,20.5499359,74.528751
MAHARASHTRA,SANGLI,16.85438,74.564171
MAHARASHTRA,BARAMATI,18.15,74.5833
KARNATAKA,CHIKKODI,16.4291905,74.5878546
MYSORE,CHIKKODI,16.4291905,74.5878546
MADHYA BHARAT,JHABUA,22.769666,74.5920921
MADHYA PRADESH,JHABUA,22.769666,74.5920921
RAJASTHAN,GANGANAGAR JHUNJHUNU,28.1646599,74.5931921
PUNJAB,FEROZEPUR,30.9181,74.616142
RAJASTHAN,CHITTOOR,24.8887435,74.6269216
RAJASTHAN,CHITTORGARH,24.8887435,74.6269216
RAJASTHAN,BHILWARA,25.346251,74.636383
AJMER,AJMER NORTH,26.45,74.64
AJMER,AJMER SOUTH,26.45,74.64
RAJASTHAN,AJMER,26.45,74.64
MAHARASHTRA,MIRAJ,16.8172744,74.6422517
BOMBAY,WEST KHANDESH,14.6689833,74.728619
BOMBAY,EAST KHANDESH,20.9279455,74.7391494
KARNATAKA,UDUPI,13.33232,74.746048
MYSORE,UDIPI,13.33232,74.746048
MAHARASHTRA,AHMEDNAGAR,19.0952075,74.7495916
PUNJAB,FARIDKOT,30.6667,74.75
BOMBAY,DHULE,20.9042201,74.7748979
MAHARASHTRA,DHULE,20.9042201,74.7748979
KARNATAKA,UTTARA KANNADA,14.7092298,74.7805192
JAMMU & KASHMIR,SRINAGAR,34.0836581,74.7973681
BOMBAY,BELGAUM NORTH,16.1603296,74.8135418
KARNATAKA,MANGALORE,12.9141417,74.8559568
MYSORE,MANGALORE,12.9141417,74.8559568
JAMMU & KASHMIR,JAMMU,32.7266016,74.8570259
PUNJAB,AMRITSAR,31.6339793,74.8722642
PUNJAB,TARN TARAN,31.45,74.9253
PUNJAB,BHATINDA,30.210994,74.9454745
PUNJAB,JHAJJAR,32.8862672,74.947181
RAJASTHAN,CHURU,28.2911462,74.9622676
KERALA,KASARAGOD,12.49247,74.990623
BOMBAY,DHARWAD NORTH,15.45101,75.008453
BOMBAY,DHARWAD SOUTH,15.45101,75.008453
KARNATAKA,DHARWAD,15.45101,75.008453
KARNATAKA,DHARWAD NORTH,15.45101,75.008453
KARNATAKA,DHARWAD SOUTH,15.45101,75.008453
MYSORE,DHARWAD NORTH,15.45101,75.008453
MYSORE,DHARWAD SOUTH,15.45101,75.008453
HARYANA,SIRSA,29.5335931,75.0177029
MADHYA PRADESH,RATLAM,23.3341696,75.0376325
MADHYA BHARAT,MANDSAUR,24.071568,75.06693
MADHYA PRADESH,MANDASUR,24.071568,75.06693
MADHYA PRADESH,MANDSAUR,24.071568,75.06693
JAMMU & KASHMIR,UDHAMPUR,32.91893,75.131271
RAJASTHAN,SIKAR,27.6094,75.139911
PUNJAB,KHADOOR SAHIB,31.36613,75.1399925
JAMMU & KASHMIR,ANANTNAG,33.7311255,75.1487007
PUNJAB,MOGA,30.8164603,75.1717093
KARNATAKA,DAKSHINA KANNADA,12.8437814,75.2479061
KARNATAKA,KANARA,12.8437814,75.2479061
MADHYA PRADESH,DHAR,22.6012922,75.3024655
MAHARASHTRA,PANDHARPUR,17.675128,75.326772
MAHARASHTRA,ERANDOL,20.9167,75.3333
HYDERABAD,AURANGABAD,19.8639999,75.3365035
PUNJAB,FAZILKA SIRSA,31.1471305,75.3412179
PUNJAB,JHAJJAR REWARI,31.1471305,75.3412179
PUNJAB,MAHENDRAGARH,31.1471305,75.3412179
MAHARASHTRA,AURANGABAD,19.8761653,75.3433139
BOMBAY,AURANGABAD,19.8726757,75.3523734
KERALA,KANNUR,11.8744775,75.3703662
MADRAS,KANNUR,11.8744775,75.3703662
PATIALA AND EAST PUNJAB STATES UNION,KAPURTHALA BHATINDA,31.37492,75.384216
RAJASTHAN,JHUN JHUNU,28.124203,75.398318
KARNATAKA,HAVERI,14.8,75.4
PUNJAB,GURDASPUR,32.033852,75.407127
PUNJAB,KANGRA,31.6632182,75.4650595
KERALA,TELLICHERRY,11.7532878,75.4928777
BOMBAY,JALGAON,21.0152088,75.5025561
MAHARASHTRA,MADHA,18.0295789,75.508273
MAHARASHTRA,JALGAON,21.013321,75.563972
KARNATAKA,SHIMOGA,13.9299299,75.568101
MYSORE,SHIMOGA,13.9299299,75.568101
PUNJAB,JALANDHAR,31.3260152,75.5761829
KERALA,BADAGARA,11.599104,75.581131
MADHYA PRADESH,KHARGONE,21.823366,75.610364
RAJASTHAN,KOTAB BUNDI,25.43815,75.637306
KARNATAKA,BAGALKOT,16.185011,75.696243
MYSORE,BAGALKOT,16.185011,75.696243
KARNATAKA,BIJAPUR,16.82402,75.71534
MYSORE,BIJAPUR,16.82402,75.71534
MYSORE,BIJAPUR NORTH,16.82402,75.71534
MYSORE,BIJAPUR SOUTH,16.82402,75.71534
HARYANA,HISSAR,29.1491875,75.7216527
COORG,COORG,12.4244205,75.7381856
MAHARASHTRA,BEED,18.9890893,75.7600785
MAHARASHTRA,BHIR,18.9890893,75.7600785
MADHYA BHARAT,UJJAIN,23.1813134,75.7688212
KARNATAKA,CHIKMAGALUR,13.31232,75.770889
KARNATAKA,UDUPI CHIKMAGALUR,13.31232,75.770889
MYSORE,CHIKMAGALUR,13.31232,75.770889
RAJASTHAN,JAIPUR RURAL,26.8444839,75.7726687
PUNJAB,FEROZEPORE LUDHIANA,30.8808659,75.7795762
KERALA,CALICUT,11.2587531,75.78041
KERALA,KOZHIKODE,11.2587531,75.78041
RAJASTHAN,TONK,26.1667,75.7833
MADHYA PRADESH,UJJAIN,23.1793013,75.7849097
RAJASTHAN,JAIPUR,26.9124165,75.7872879
PUNJAB,PHILLAUR,31.021898,75.787389
MYSORE,HASSAN CHICKMAGALUR,13.048626,75.8006591
PUNJAB,HISSAR,29.3023793,75.8069082
PATIALA AND EAST PUNJAB STATES UNION,SANGRUR,30.2457963,75.8420716
PUNJAB,SANGRUR,30.2457963,75.8420716
MADRAS,KOZHIKODE,11.4940858,75.8533954
PUNJAB,LUDHIANA,30.900965,75.8572758
MADHYA BHARAT,INDORE,22.7195687,75.8577258
MADHYA PRADESH,INDORE,22.7195687,75.8577258
RAJASTHAN,KOTA,25.2138156,75.8647527
MAHARASHTRA,JALNA,19.838949,75.887177
MADHYA PRADESH,NIMAR,21.8176815,75.8998674
MAHARASHTRA,SHOLAPUR,17.6599188,75.9063906
PUNJAB,HOSHIARPUR,31.527981,75.9137499
KARNATAKA,DAVANGERE,14.4663438,75.9238397
KERALA,PONNANI,10.7677,75.927002
MADHYA BHARAT,NIMAR,28.4676603,76.0304873
MAHARASHTRA,RAVER,21.245468,76.035511
MAHARASHTRA,OSMANABAD,18.1860659,76.0419409
MADHYA PRADESH,DEWAS,22.961227,76.051411
KERALA,MALAPPURAM,11.0667,76.0667
KERALA,WAYANAD,11.7094457,76.095537
KARNATAKA,HASSAN,13.0068142,76.0995519
MYSORE,HASSAN,13.0068142,76.0995519
KERALA,MANJERI,11.1202984,76.1199677
HIMACHAL PRADESH,CHAMBA,32.5533633,76.1258083
PUNJAB,NAWAN SHAHR,31.1014636,76.1319953
HARYANA,BHIWANI,28.7990445,76.1335112
KARNATAKA,KOPPAL,15.3507081,76.1554311
MYSORE,KOPPAL,15.3507081,76.1554311
HARYANA,MAHENDRAGARH,28.262109,76.155627
PATIALA AND EAST PUNJAB STATES UNION,MOHINDERGARH,28.262109,76.155627
RAJASTHAN,JHALAWAR,24.587999,76.157578
RAJASTHAN,KOTAH JHALAWAR,24.587999,76.157578
BOMBAY,BULDHANA,20.532949,76.184303
MAHARASHTRA,BULDHANA,20.532949,76.184303
HARYANA,BHIWANI-MAHENDRAGARH,28.5085389,76.1984522
KERALA,THRISSUR,10.5276416,76.2144349
TRAVANCORE COCHIN,TRICHUR,10.5276416,76.2144349
PUNJAB,UNA,31.5601504,76.2247366
KERALA,MUKUNDAPURAM,10.2102221,76.2623945
HIMACHAL PRADESH,KANGRA,32.1,76.27
TRAVANCORE COCHIN,NAGERCOIL,10.8505159,76.2710833
MYSORE,CHITALDRUG,14.0755103,76.2710833
MADHYA BHARAT,SHAJAPUR RAJGARH,23.426589,76.275573
MADHYA PRADESH,SHAJAPUR,23.426589,76.275573
KERALA,ERNAKULAM,9.98,76.28
TRAVANCORE COCHIN,ERNAKULAM,9.98,76.28
KERALA,CHALAKUDY,10.3080272,76.3336779
RAJASTHAN,DAUSA,26.88859,76.335907
KERALA,ALAPPUZHA,9.4980667,76.3388484
TRAVANCORE COCHIN,ALAPPUZHA,9.4980667,76.3388484
RAJASTHAN,JAIPUR SAWAIMADHOPUR,26.020309,76.344299
RAJASTHAN,SAWAI MADHOPUR,26.020309,76.344299
MADHYA PRADESH,KHANDWA,21.8257334,76.352571
MADHYA PRADESH,NIMAR (KHANDWA),21.8257334,76.352571
KERALA,AMBALAPUZHA,9.3772533,76.3577837
PUNJAB,KAITHAL,29.9068977,76.3637285
KERALA,OTTAPALAM,10.77038,76.377068
PUNJAB,FATEHGARH SAHIB,30.6456,76.3825
RAJASTHAN,BHARATPUR SAWAIMADHOPUR,26.3669374,76.3883265
PATIALA AND EAST PUNJAB STATES UNION,PATIALA,30.32062,76.395126
PUNJAB,PATIALA,30.32062,76.395126
HARYANA,KAITHAL,29.795441,76.399269
KARNATAKA,CHITRADURGA,14.22209,76.40036
MYSORE,CHITRADURGA,14.22209,76.40036
MYSORE,TIPTUR,13.2586,76.4783
PUNJAB,ANANDPUR SAHIB,31.236134,76.497735
MADHYA PRADESH,BULDANA AKOLA,20.9737539,76.5000444
HIMACHAL PRADESH,HAMIRPUR,31.6861745,76.5213092
KERALA,KOTTAYAM,9.5915668,76.5221531
TRAVANCORE COCHIN,KOTTAYAM,9.5915668,76.5221531
PUNJAB,ROPAR,30.9659168,76.5230234
KERALA,MAVELIKARA,9.2505757,76.5400806
TRAVANCORE COCHIN,QUILON CUM MAVELIKARA,9.2505757,76.5400806
MADRAS,PONNANI,10.798102,76.5427019
KERALA,ALATHUR,10.6419924,76.5449647
MAHARASHTRA,KHAMGAON,20.700135,76.567912
KERALA,MUVATTUPUZHA,9.979848,76.573807
KERALA,THIRUVALLA,9.3834522,76.574057
TRAVANCORE COCHIN,THIRUVALLA,9.3834522,76.574057
MAHARASHTRA,LATUR,18.39768,76.580971
HARYANA,ROHTAK,28.892361,76.59124
PUNJAB,AMBALA,30.0933806,76.6102582
TRAVANCORE COCHIN,CRANGANNUR,9.3184833,76.6140167
KERALA,KOLLAM,8.8932118,76.6141396
RAJASTHAN,ALWAR,27.5609324,76.6250168
KARNATAKA,MYSORE,12.2958104,76.6393805
MYSORE,MYSORE,12.2958104,76.6393805
HARYANA,JHAJJAR,28.59886,76.654182
KERALA,PALAKKAD,10.7867303,76.6547932
TRAVANCORE COCHIN,MEENACHIL,9.667795,76.6816962
MADRAS,NILGIRIS,11.4450257,76.6874701
TAMIL NADU,NILGIRIS,11.4450257,76.6874701
MADHYA PRADESH,RAJGARH,24.0078819,76.7278803
KERALA,ADOOR,9.1512395,76.7307663
BOMBAY,AKOLA,20.6658452,76.7565526
CHANDIGARH,CHANDIGARH,30.7399738,76.7567368
HYDERABAD,PARBHANI,19.2642765,76.7749941
HARYANA,AMBALA,30.3781788,76.7766974
KERALA,CHIRAYINKIL,8.6558696,76.7831744
TRAVANCORE COCHIN,CHIRAYINKIL,8.6558696,76.7831744
MAHARASHTRA,PARBHANI,19.2667,76.7833
KERALA,PATHANAMTHITTA,9.2647582,76.7870414
PUNJAB,AMBALA SIMLA,30.3950347,76.7897774
KERALA,ATTINGAL,8.695205,76.811256
KARNATAKA,GULBARGA,17.329731,76.8342957
MYSORE,GULBARGA,17.329731,76.8342957
HARYANA,KURUKSHETRA,29.9695121,76.878282
MADRAS,SOUTH KANARA (NORTH),8.7792198,76.8808611
MADRAS,SOUTH KANARA SOUTH,8.7792198,76.8808611
KARNATAKA,MANDYA,12.5242,76.8958
MYSORE,MANDYA,12.5242,76.8958
KARNATAKA,BELLARY,15.1393932,76.9214428
MYSORE,BELLARY,15.1393932,76.9214428
KERALA,IDUKKI,9.8138076,76.9297354
HIMACHAL PRADESH,MANDI,31.7081655,76.9313675
KARNATAKA,CHAMARAJANAGAR,11.9261471,76.9437312
MYSORE,CHAMARAJANAGAR,11.9261471,76.9437312
KERALA,THIRUVANANTHAPURAM,8.4874949,76.948623
TRAVANCORE COCHIN,THIRUVANANTHAPURAM,8.4874949,76.948623
MADRAS,COIMBATORE,11.0168445,76.9558321
TAMIL NADU,COIMBATORE,11.0168445,76.9558321
KERALA,PEERMADE,9.575468,76.988857
MADRAS,RAMANATHAPURAM,10.9900136,76.9902276
TAMIL NADU,RAMANATHAPURAM,10.9900136,76.9902276
HARYANA,KARNAL,29.6856929,76.9904825
MAHARASHTRA,AKOLA,20.70388,76.997093
MADRAS,POLLACHI,10.6572737,77.0106693
TAMIL NADU,POLLACHI,10.6572737,77.0106693
PUNJAB,GURGAON,28.4732135,77.0189173
HARYANA,GURGAON,28.4594965,77.0266383
RAJASTHAN,HINDAUN,26.731757,77.035272
HARYANA,SONEPAT,28.9285745,77.0914935
KARNATAKA,TUMKUR,13.34,77.1
MYSORE,TUMKUR,13.34,77.1
NCT OF DELHI,EAST DELHI,28.7040592,77.1024902
NCT OF DELHI,NEW DELHI,28.7040592,77.1024902
NCT OF DELHI,NORTH EAST DELHI,28.7040592,77.1024902
NCT OF DELHI,NORTH WEST DELHI,28.7040592,77.1024902
NCT OF DELHI,SOUTH DELHI,28.7040592,77.1024902
NCT OF DELHI,WEST DELHI,28.7040592,77.1024902
MAHARASHTRA,WASHIM,20.09907,77.136703
MADRAS,BELLARY,11.6007645,77.1406066
MAHARASHTRA,HINGOLI,19.7167,77.15
PUNJAB,KARNAL,30.0285382,77.1508858
HIMACHAL PRADESH,MANDI MAHASU,31.4050807,77.1691665
HIMACHAL PRADESH,SHIMLA,31.1046052,77.1734242
HIMACHAL PRADESH,SIMLA,31.1046052,77.1734242
PUNJAB,ROHTAK,28.6639877,77.1773232
UTTAR PRADESH,KAIRANA,29.395849,77.204323
MYSORE,MADHUGIRI,13.6606,77.2092
UTTAR PRADESH,BAGHPAT,28.936473,77.217822
UTTAR PRADESH,KANPUR DISTRICT CENTRAL,28.5105683,77.2238491
NCT OF DELHI,CHANDNI CHOWK,28.635308,77.22496
NCT OF DELHI,DELHI SADAR,28.635308,77.22496
NCT OF DELHI,KAROL BAGH,28.635308,77.22496
NCT OF DELHI,OUTER DELHI,28.635308,77.22496
MAHARASHTRA,YAVATMAL-WASHIM,19.9000753,77.2318934
ANDHRA PRADESH,ADONI,15.62425,77.272591
HIMACHAL PRADESH,SIRMUR,30.7258327,77.2864879
RAJASTHAN,BAYANA,26.906289,77.28985
MAHARASHTRA,NANDED,19.153061,77.305847
MADHYA BHARAT,GUNA,24.64488,77.310158
MADHYA PRADESH,GUNA,24.64488,77.310158
MADRAS,TENKASI,8.9590214,77.3129383
TAMIL NADU,TENKASI,8.9590214,77.3129383
HARYANA,FARIDABAD,28.4089123,77.3177894
MADRAS,TIRUPPUR,11.1085242,77.3410656
TAMIL NADU,TIRUPPUR,11.1085242,77.3410656
KARNATAKA,RAICHUR,16.20702,77.354362
MYSORE,RAICHUR,16.20702,77.354362
HIMACHAL PRADESH,CHAMBA SIRMUR,30.5683114,77.3812494
MADRAS,PARVATHIPURAM,8.191056,77.4006229
BHOPAL,RAISEN,23.2599333,77.412615
BHOPAL,SEHORE,23.2599333,77.412615
MADHYA PRADESH,BHOPAL,23.2599333,77.412615
KARNATAKA,KANAKAPURA,12.55,77.4167
MYSORE,KANAKAPURA,12.55,77.4167
MADRAS,NAGERCOIL,8.17,77.43
TAMIL NADU,NAGERCOIL,8.17,77.43
MADRAS,GOBICHETTIPALAYAM,11.4536111,77.4383333
TAMIL NADU,GOBICHETTIPALAYAM,11.4536111,77.4383333
UTTAR PRADESH,GHAZIABAD,28.6691565,77.4537578
TAMIL NADU,THENI,10.0103658,77.4768115
RAJASTHAN,BHARATPUR,27.215599,77.49015
ANDHRA PRADESH,HINDUPUR,13.8289,77.4933
HIMACHAL PRADESH,MAHASU,31.1014268,77.5031764
UTTAR PRADESH,BULANDSHAHR DISTRICT,28.4828339,77.5177139
KARNATAKA,BIDAR,17.92,77.519722
MYSORE,BIDAR,17.92,77.519722
TAMIL NADU,PALANI,10.4489188,77.5209392
MADRAS,DHARAPURAM,10.736681,77.532282
TAMIL NADU,DHARAPURAM,10.736681,77.532282
KARNATAKA,BANGALORE CENTRAL,13.0331963,77.5350712
TAMIL NADU,KANNIYAKUMARI,8.0883064,77.5384507
MADRAS,PERIYAKULAM,10.1188251,77.5485282
TAMIL NADU,PERIYAKULAM,10.1188251,77.5485282
UTTAR PRADESH,SAHARANPUR,29.9667,77.55
ANDHRA PRADESH,ANANTAPUR,14.6707094,77.5907443
KARNATAKA,BANGALORE NORTH,12.9715987,77.5945627
KARNATAKA,BANGALORE SOUTH,12.9715987,77.5945627
MYSORE,BANGALORE,12.9715987,77.5945627
MYSORE,BANGALORE CITY,12.9715987,77.5945627
MYSORE,BANGALORE NORTH,12.9715987,77.5945627
MYSORE,BANGALORE SOUTH,12.9715987,77.5945627
MYSORE,BANGLORE,12.9715987,77.5945627
HYDERABAD,BIDAR,17.6740832,77.6049218
HYDERABAD,GULABARGA,17.6740832,77.6049218
HYDERABAD,MEDAK,17.6740832,77.6049218
UTTAR PRADESH,GAUTAM BUDDH NAGAR,28.338333,77.6077865
UTTAR PRADESH,SARDHANA,29.1458333,77.6102778
MADRAS,MALAPPURAM,8.3875641,77.614948
ANDHRA PRADESH,ZAHIRABAD,17.6833,77.6167
MADHYA PRADESH,WARDHA,23.837338,77.6321339
MADRAS,SRIVILLIPUTHUR,9.5121365,77.6340859
UTTAR PRADESH,MATHURA DISTRICT (WEST),27.4662909,77.6536125
MADHYA PRADESH,SHIVPURI,25.42329,77.653633
UTTAR PRADESH,FATEHPUR SIKRI,27.0937,77.660027
UTTAR PRADESH,MATHURA,27.4924134,77.673673
UTTAR PRADESH,MUZAFFARNAGAR DISTRICT (SOUTH),29.4787749,77.6969151
KARNATAKA,BANGALORE RURAL,13.1985371,77.6994197
MADRAS,TIRUNELVELI,8.733,77.7
TAMIL NADU,TIRUNELVELI,8.733,77.7
UTTAR PRADESH,MEERUT,28.9844618,77.7064137
UTTAR PRADESH,MUZAFFARNAGAR,29.4726817,77.7085091
MADRAS,ERODE,11.342235,77.7274769
TAMIL NADU,ERODE,11.342235,77.7274769
MADHYA PRADESH,HOSHANGABAD,22.744108,77.736967
MADHYA PRADESH,AMRAVATI EAST,20.930679,77.758713
MADHYA PRADESH,AMRAVATI WEST,20.930679,77.758713
MAHARASHTRA,AMRAVATI,20.930679,77.758713
UTTAR PRADESH,HAPUR,28.7305798,77.7758825
MADHYA PRADESH,BASTAR,18.0532613,77.7776361
MADHYA PRADESH,JANJGIR,18.0532613,77.7776361
MADRAS,ANANTAPUR,18.0532613,77.7776361
MADRAS,KURNOOL,18.0532613,77.7776361
MADHYA PRADESH,BILASPUR DURG RAIPUR,22.7510688,77.7809672
MADHYA PRADESH,RAIPUR,22.7510688,77.7809672
MYSORE,HOSKOTE,13.0694199,77.7888569
UTTAR PRADESH,MEERUT DISTRICT (NORTH EAST),28.9980498,77.7909776
UTTAR PRADESH,MEERUT DISTRICT (SOUTH),28.9980498,77.7909776
UTTAR PRADESH,MEERUT DISTRICT (WEST),28.9980498,77.7909776
MADRAS,SIVAKASI,9.4485569,77.798141
TAMIL NADU,SIVAKASI,9.4485569,77.798141
ANDHRA PRADESH,GADWAL,16.2333,77.8
MADRAS,METTUR,11.7862533,77.8007853
TAMIL NADU,METTUR,11.7862533,77.8007853
MADHYA PRADESH,VIDISHA,23.524019,77.8060069
MADRAS,CHITTOOR,11.6416443,77.8238627
KARNATAKA,CHIKBALLAPUR,13.5228647,77.8367282
MYSORE,CHIKBALLAPUR,13.5228647,77.8367282
UTTAR PRADESH,BULANDSAHAR,28.406963,77.8498292
UTTAR PRADESH,BULANDSHAHR,28.406963,77.8498292
UTTAR PRADESH,KHURJA,28.252884,77.851428
MADRAS,KOILPATTI,9.174952,77.87178
RAJASTHAN,KARAULI-DHOLPUR,26.691311,77.879723
MADRAS,TIRUCHENGODE,11.378476,77.8944945
TAMIL NADU,TIRUCHENGODE,11.378476,77.8944945
MADHYA PRADESH,BETUL,21.903865,77.903453
ANDHRA PRADESH,VICARABAD,17.3364298,77.9048483
HYDERABAD,VICARABAD,17.3364298,77.9048483
MADRAS,SRIVAIKUNTAM,8.62884,77.912933
TAMIL NADU,VIRUDHUNAGAR,9.583612,77.958344
UTTAR PRADESH,DEHRA DUN,30.4747747,77.973865
MADRAS,DINDIGUL,10.3673123,77.9802906
TAMIL NADU,DINDIGUL,10.3673123,77.9802906
ANDHRA PRADESH,MAHABUBNAGAR,16.7416379,77.985961
MADHYA PRADESH,MORENA,26.501257,77.993365
JAMMU & KASHMIR,LADAKH,34,78
UTTAR PRADESH,AGRA,27.1766701,78.0080745
ANDHRA PRADESH,KURNOOL,15.8281257,78.0372792
UTTAR PRADESH,HATHRAS,27.6,78.05
MADHYA PRADESH,NAGPUR,22.8451112,78.0523548
UTTAR PRADESH,ALIGARH DISTRICT,27.9184858,78.0651931
UTTAR PRADESH,ALIGARH,27.89381,78.068138
MADRAS,KARUR,10.957338,78.080937
TAMIL NADU,KARUR,10.957338,78.080937
ANDHRA PRADESH,NIZAMABAD,18.6725047,78.0940867
MADRAS,ARUPPUKKOTTAI,9.515625,78.100015
MADRAS,TIRUCHENDUR,8.495585,78.119187
TAMIL NADU,TIRUCHENDUR,8.495585,78.119187
MADRAS,MADURAI,9.9252007,78.1197754
TAMIL NADU,MADURAI,9.9252007,78.1197754
MAHARASHTRA,YAVATMAL,20.3887937,78.1204073
MAHARASHTRA,YEOTMAL,20.3887937,78.1204073
KARNATAKA,KOLAR,13.1357446,78.1325611
MYSORE,KOLAR,13.1357446,78.1325611
TAMIL NADU,THOOTHUKKUDI,8.7641661,78.1348361
UTTAR PRADESH,BIJNOR,29.3724422,78.1358472
ANDHRA PRADESH,CHELVELLA,17.310906,78.136899
MADRAS,SALEM,11.664325,78.1460142
TAMIL NADU,SALEM,11.664325,78.1460142
MADHYA BHARAT,MORENA BHIND,26.4491667,78.1463889
MADRAS,DHARMAPURI,12.1264799,78.156159
TAMIL NADU,DHARMAPURI,12.1264799,78.156159
UTTARAKHAND,HARDWAR,29.9456906,78.1642478
MADRAS,NAMAKKAL,11.2194391,78.1677236
TAMIL NADU,NAMAKKAL,11.2194391,78.1677236
MADHYA BHARAT,GWALIOR,26.224702,78.1818759
MADHYA PRADESH,GWALIOR,26.2182871,78.1828308
TAMIL NADU,RASIPURAM,11.45862,78.186447
MADRAS,KRISHNAGIRI,12.5186113,78.2137365
TAMIL NADU,KRISHNAGIRI,12.5186113,78.2137365
MADHYA PRADESH,KANKER,24.2541896,78.2561578
ANDHRA PRADESH,MEDAK,18.05514,78.276031
UTTAR PRADESH,JALESAR,27.472832,78.3016619
ANDHRA PRADESH,NAGARKURNOOL,16.4850856,78.3074027
MADRAS,MELUR,10.030854,78.339161
UTTAR PRADESH,AGRA DISTRICT (EAST),26.9734652,78.3842227
UTTAR PRADESH,AGRA DISTRICT (WEST),26.9734652,78.3842227
UTTAR PRADESH,BIJNOR DISTRICT (SOUTH),29.3720528,78.3842227
UTTAR PRADESH,FIROZABAD,27.1591006,78.3957574
UTTAR PRADESH,TEHRI GARHWAL,30.3848782,78.4227106
UTTARAKHAND,GARHWAL,30.3848782,78.4227106
UTTARAKHAND,TEHRI GARHWAL,30.3848782,78.4227106
UTTAR PRADESH,NAGINA,29.4426409,78.4326638
UTTAR PRADESH,AMROHA,28.90443,78.467529
ANDHRA PRADESH,NANDYAL,15.4762523,78.480154
MADRAS,SIVAGANGA,9.845557,78.483743
TAMIL NADU,SIVAGANGA,9.845557,78.483743
ANDHRA PRADESH,HYDERABAD,17.385044,78.486671
HYDERABAD,AMBAD,17.385044,78.486671
HYDERABAD,BHIR,17.385044,78.486671
HYDERABAD,HYDERABAD CITY,17.385044,78.486671
HYDERABAD,KUSTAGI,17.385044,78.486671
HYDERABAD,MAHBOOBNAGAR,17.385044,78.486671
HYDERABAD,NALGONDA,17.385044,78.486671
HYDERABAD,NANDED,17.385044,78.486671
HYDERABAD,NIZAMABAD,17.385044,78.486671
HYDERABAD,OSMANABAD,17.385044,78.486671
ANDHRA PRADESH,SECUNDERABAD,17.4399295,78.4982741
ANDHRA PRADESH,MALKAJGIRI,17.450888,78.5291706
ANDHRA PRADESH,ADILABAD,19.6667,78.5333
HYDERABAD,YADGIR,17.3638489,78.5348507
UTTAR PRADESH,SAMBHAL,28.584186,78.56477
UTTAR PRADESH,JHANSI,25.444121,78.567604
HYDERABAD,IBRAHIMPATAM,17.2991875,78.5820601
MAHARASHTRA,WARDHA,20.745319,78.6021946
MADRAS,TIRUPPATTUR,10.10801,78.605072
TAMIL NADU,TIRUPPATTUR,10.10801,78.605072
UTTAR PRADESH,KASGANJ,27.8047199,78.6436805
UTTAR PRADESH,ETAH,27.557438,78.653801
MADRAS,GUDIVADA,11.1271225,78.6568942
MADRAS,KAKINADA,11.1271225,78.6568942
MADRAS,MASULIPATNAM,11.1271225,78.6568942
MADRAS,NANDYAL,11.1271225,78.6568942
MADRAS,NARASARAOPET,11.1271225,78.6568942
MADRAS,ONGOLE,11.1271225,78.6568942
MADRAS,PATHAPATNAM,11.1271225,78.6568942
MADRAS,PENUKONDA,11.1271225,78.6568942
MADRAS,RAJAHMUNDRY,11.1271225,78.6568942
MADRAS,SANKARANAINARKOIL,11.1271225,78.6568942
MADRAS,SRIKAKULAM,11.1271225,78.6568942
MADRAS,TELLICHERRY,11.1271225,78.6568942
MADRAS,TENALI,11.1271225,78.6568942
MADRAS,VIZIANAGARAM,11.1271225,78.6568942
MADHYA PRADESH,BALODA BAZAR,22.9734229,78.6568942
MADHYA PRADESH,DURG BASTAR,22.9734229,78.6568942
MADHYA PRADESH,MAHASAMUND,22.9734229,78.6568942
MADHYA PRADESH,YEOTMAL,22.9734229,78.6568942
HYDERABAD,ADILABAD,17.4222222,78.6961111
MADRAS,TIRUCHIRAPPALLI,10.7904833,78.7046725
TAMIL NADU,TIRUCHIRAPPALLI,10.7904833,78.7046725
MADHYA PRADESH,SAGAR,23.832294,78.744917
UTTAR PRADESH,MORADABAD DISTRICT,28.6685046,78.7476208
UTTAR PRADESH,MORADABAD DISTRICT (WEST),28.6685046,78.7476208
UTTAR PRADESH,MARODABAD,28.8315925,78.7782764
UTTAR PRADESH,MORADABAD,28.8315925,78.7782764
MADHYA PRADESH,BHIND,26.5642,78.7883
MADRAS,PUDUKKOTTAI,10.379663,78.8208454
TAMIL NADU,PUDUKKOTTAI,10.379663,78.8208454
ANDHRA PRADESH,CUDDAPAH,14.4673541,78.8241339
ANDHRA PRADESH,KADAPA,14.4673541,78.8241339
MADRAS,CUDDAPAH,14.4673541,78.8241339
MADHYA PRADESH,TIKAMGARH,24.7456147,78.8320779
VINDHYA PRADESH,CHHATARPUR DATIA TIKAMGARH,24.7456147,78.8320779
ANDHRA PRADESH,SIDDIPET,18.1019043,78.852077
MADRAS,PERAMBALUR,11.2333,78.8833
TAMIL NADU,PERAMBALUR,11.2333,78.8833
ANDHRA PRADESH,BHONGIR,17.515505,78.887468
UTTAR PRADESH,BUDAUN DISTRICT (WEST),28.1274702,78.9146978
UTTAR PRADESH,BISAULI,28.30541,78.935226
MADHYA PRADESH,CHHINDWARA,22.057437,78.9381729
MADRAS,KALLAKURICHI,11.735075,78.955497
TAMIL NADU,KALLAKURICHI,11.735075,78.955497
UTTAR PRADESH,MAINPURI,27.2333,79.0167
UTTAR PRADESH,ETAWAH,26.7902124,79.0197839
UTTAR PRADESH,RAMPUR,28.802957,79.0254439
UTTAR PRADESH,KANPUR DISTRICT SOUTH CUM ETAWAH DISTRICT,26.7957734,79.0645056
UTTAR PRADESH,MAINPURI DISTRICT (EAST),27.2606378,79.0645056
MADRAS,THIRUVANNAMALAI,12.2252841,79.0746957
TAMIL NADU,THIRUVANNAMALAI,12.2252841,79.0746957
BOMBAY,NAGPUR,21.1418451,79.0842765
MAHARASHTRA,NAGPUR,21.1458004,79.0881546
ANDHRA PRADESH,CHITTOOR,13.2170963,79.1006738
UTTAR PRADESH,JHANSI DISTRICT (SOUTH),25.5394351,79.1096901
UTTAR PRADESH,BADAUN,28.0337088,79.1205419
UTTAR PRADESH,BUDAUN,28.0337088,79.1205419
ANDHRA PRADESH,KARIMNAGAR,18.4385553,79.1288412
MADRAS,VELLORE,12.9165167,79.1324986
TAMIL NADU,VELLORE,12.9165167,79.1324986
HYDERABAD,KARIMNAGAR,18.4181317,79.1364227
MADRAS,THANJAVUR,10.7869994,79.1378274
TAMIL NADU,THANJAVUR,10.7869994,79.1378274
ANDHRA PRADESH,RAJAMPET,14.196678,79.1566324
UTTAR PRADESH,AONLA,28.276608,79.168361
MADRAS,TIRUKOILUR,11.7950602,79.1940712
MADRAS,ELURU,13.1755362,79.2091617
ANDHRA PRADESH,NALGONDA,17.052389,79.2671809
ANDHRA PRADESH,MARKAPUR,15.7361535,79.269125
TAMIL NADU,ARANI,12.668548,79.2842
MAHARASHTRA,CHANDA,19.95,79.3
MAHARASHTRA,CHANDRAPUR,19.95,79.3
MAHARASHTRA,RAMTEK,21.3928618,79.3268397
UTTAR PRADESH,KAIMGANJ,27.553545,79.3320619
UTTAR PRADESH,JALAUN,26.142269,79.333946
MAHARASHTRA,CHIMUR,20.49806,79.378186
MAHARASHTRA,GADCHIROLI-CHIMUR,20.49806,79.378186
ANDHRA PRADESH,PEDDAPALLI,18.6084482,79.378709
MADRAS,KUMBAKONAM,10.9616945,79.3881132
TAMIL NADU,KUMBAKONAM,10.9616945,79.3881132
ANDHRA PRADESH,TIRUPATI,13.6287557,79.4191795
UTTAR PRADESH,BAREILLY,28.3670355,79.4304381
MADHYA PRADESH,DAMOH,23.8380986,79.4421731
UTTAR PRADESH,NAINITAL,29.3803039,79.4635658
UTTARAKHAND,NAINITAL,29.3803039,79.4635658
UTTAR PRADESH,BAREILLY DISTRICT (SOUTH),28.5425638,79.4703885
UTTAR PRADESH,ALMORA,29.6464141,79.4703885
UTTAR PRADESH,ALMORA DISTRICT (NORTH EAST),29.6464141,79.4703885
TAMIL NADU,VILUPPURAM,11.939481,79.497647
UTTAR PRADESH,FARRUKHABAD DISTRICT (NORTH),27.3883033,79.5153773
MADHYA PRADESH,SEONI,22.088284,79.551864
MADHYA PRADESH,DURG,23.6576435,79.5533194
ANDHRA PRADESH,HANAMKONDA,18.0056228,79.5572463
UTTAR PRADESH,FARRUKHABAD,27.4,79.5666667
ANDHRA PRADESH,MIRYALGUDA,16.868719,79.573486
ANDHRA PRADESH,WARANGAL,18.000055,79.588167
HYDERABAD,WARANGAL,18.0071682,79.5910726
MADRAS,VANDAVASI,12.50286,79.605766
TAMIL NADU,VANDAVASI,12.50286,79.605766
MADRAS,TIRUTTANI,13.1733,79.6167679
TAMIL NADU,TIRUTTANI,13.1733,79.6167679
UTTARAKHAND,ALMORA,29.5892407,79.646666
MADRAS,MAYURAM,11.1018399,79.6522218
TAMIL NADU,MAYILADUTHURAI,11.1018399,79.6522218
TAMIL NADU,MAYURAM,11.1018399,79.6522218
MADRAS,TINDIVANAM,12.23073,79.655629
TAMIL NADU,TINDIVANAM,12.23073,79.655629
MAHARASHTRA,BHANDARA,21.170519,79.664692
TAMIL NADU,ARAKKONAM,13.082699,79.670813
UTTAR PRADESH,AKBARPUR,26.0203301,79.689499
MADRAS,CHIDAMBARAM,11.3981936,79.6953594
TAMIL NADU,CHIDAMBARAM,11.3981936,79.6953594
MADRAS,KANCHEEPURAM,12.8341735,79.7036402
TAMIL NADU,KANCHEEPURAM,12.8341735,79.7036402
MADRAS,CUDDALORE,11.749574,79.763822
TAMIL NADU,CUDDALORE,11.749574,79.763822
UTTAR PRADESH,PILIBHIT,28.632178,79.802987
PUDUCHERRY,PUDUCHERRY,11.9138598,79.8144722
UTTAR PRADESH,HAMIRPUR DISTRICT,25.7788335,79.8296743
MADRAS,NAGAPATTINAM,10.7688016,79.8394266
TAMIL NADU,NAGAPATTINAM,10.7688016,79.8394266
MADHYA PRADESH,BHANDARA,25.1649841,79.8464804
MADRAS,THIRUVALLUR,13.142549,79.909053
TAMIL NADU,THIRUVALLUR,13.142549,79.909053
UTTAR PRADESH,SHAHJAHANPUR,27.8833,79.9167
UTTAR PRADESH,KANNAUJ,27.05519,79.91808
MADRAS,NELLORE,14.2580848,79.9192702
MADHYA PRADESH,KHAJURAHO,24.8318452,79.9198549
MADRAS,SRIPERUMBUDUR,12.967461,79.941824
TAMIL NADU,SRIPERUMBUDUR,12.967461,79.941824
MADHYA PRADESH,JABALPUR,23.1667,79.95
MADHYA PRADESH,JABALPUR NORTH,23.1667,79.95
UTTAR PRADESH,SHAHABAD,27.65,79.95
MADHYA PRADESH,MANDLA JABALPUR SOUTH,23.416804,79.9598383
MADRAS,GUNTUR,12.684052,79.9769691
MADRAS,CHENGALPATTU,12.6839952,79.9833483
TAMIL NADU,CHENGALPATTU,12.6839952,79.9833483
ANDHRA PRADESH,NELLORE,14.4425987,79.986456
ANDHRA PRADESH,KAVALI,14.9131806,79.9929798
ANDHRA PRADESH,MAHABUBABAD,17.5975284,80.0015307
ANDHRA PRADESH,ONGOLE,15.5057232,80.049922
ANDHRA PRADESH,NARASARAOPET,16.236389,80.05471
UTTAR PRADESH,BILHAUR,26.84398,80.063757
UTTAR PRADESH,ALLAHABAD DISTT (EAST) CUM JAUNPUR DISTT (WEST),27.5705886,80.0981869
UTTAR PRADESH,AZAMGARH DISTRICT (EAST) CUM BALLIA DISTRICT (WEST),27.5705886,80.0981869
UTTAR PRADESH,BASTI DISTT CENTRAL (EAST) CUM GORAKHPUR DISTT (WEST),27.5705886,80.0981869
UTTAR PRADESH,DEHRA DUN DISTT CUM BIJNOR DISTT (NORTH WEST) CUM SAHARANPUR DISTRICT (WEST),27.5705886,80.0981869
UTTAR PRADESH,ETAH DISCTICT NORTH EAST CUM BUDAUN DISTT (EAST),27.5705886,80.0981869
UTTAR PRADESH,ETAH DISTRICT (CENTRAL),27.5705886,80.0981869
UTTAR PRADESH,ETAH DISTT (WEST) CUM MAINPURI DISTT (WEST) CUM MATHURA DISTRICT (EAST),27.5705886,80.0981869
UTTAR PRADESH,GARHWAL DISTT (EAST) CUM MORADABAD DISTT (NORTH EAST),27.5705886,80.0981869
UTTAR PRADESH,GARHWAL DISTT (WEST) CUM TEHRI GARHWAL DISTT CUM BIJNOR DISTT (NORTH),27.5705886,80.0981869
UTTAR PRADESH,GHAZIPUR DISTT (EAST) CUM BALLIA DISTRICT SOUTH (WEST),27.5705886,80.0981869
UTTAR PRADESH,GONDA DISTRICT (EAST) CUM BASTI DISTRICT (WEST),27.5705886,80.0981869
UTTAR PRADESH,HARDOI DISTT (NORTH WEST) CUM FARRUKHABAD DISTT (EAST) CUM SHAHJANPUR DISTT (SOUTH),27.5705886,80.0981869
UTTAR PRADESH,JALAUN DISTT CUM ETAWAH DISTT (WEST) CUM JHANSI DISTT (NORTH),27.5705886,80.0981869
UTTAR PRADESH,KANPUR DISTT NORTH CUM FARRUKHABAD DISTT SOUTH,27.5705886,80.0981869
UTTAR PRADESH,LUCKNOW DISTT CUM BARA BANKI DISTT,27.5705886,80.0981869
UTTAR PRADESH,MIRZAPUR DISTRICT CUM BANARAS DISTRICT (WEST),27.5705886,80.0981869
UTTAR PRADESH,NAINI TAL DISTT CUM ALMORA DISTT (SOUTH WEST) CUM BAREILLY DISTT (NORTH),27.5705886,80.0981869
UTTAR PRADESH,PILIBHIT DISTT CUM BAREILLY DISTT (EAST),27.5705886,80.0981869
UTTAR PRADESH,PRATAPGARH DISTT (WEST) CUM RAE BARELI DISTT (EAST),27.5705886,80.0981869
UTTAR PRADESH,RAMPUR DISTRICT CUM BAREILLY DISTRICT (WEST),27.5705886,80.0981869
UTTAR PRADESH,SAHARANPUR DISTT (WEST) CUM MUZAFFER NAGAR DISTT (NORTH),27.5705886,80.0981869
UTTAR PRADESH,SHAJAHANPUR DISTT (NORTH) CUM KHERI DISTT (EAST),27.5705886,80.0981869
UTTAR PRADESH,SITAPUR DISTT CUM KHERI DISTT (WEST),27.5705886,80.0981869
UTTAR PRADESH,SULTANPUR DISTT (NORTH) CUM FAIZABAD DISTT (SOUTH WEST),27.5705886,80.0981869
UTTAR PRADESH,UNNAO DISTRICT CUM RAE BARELI DISTT (WEST) CUM HARDOI DISTRICT (SOUTH EAST),27.5705886,80.0981869
UTTAR PRADESH,HARDOI,27.394647,80.129931
UTTAR PRADESH,HAMIRPUR,25.953449,80.146431
ANDHRA PRADESH,KHAMMAM,17.2472528,80.1514447
UTTAR PRADESH,GHATAMPUR,26.150419,80.1653369
MADHYA PRADESH,BALAGHAT,21.812876,80.1838293
MAHARASHTRA,BHANDARA - GONDIYA,21.45985,80.198181
MAHARASHTRA,GONDIA,21.45985,80.198181
TAMIL NADU,MADRAS CENTRAL,12.9997467,80.2471172
MADRAS,MADRAS,13.0524139,80.2508246
MADRAS,MADRAS NORTH,13.0524139,80.2508246
MADRAS,MADRAS SOUTH,13.0524139,80.2508246
TAMIL NADU,CHENNAI NORTH,13.0524139,80.2508246
TAMIL NADU,CHENNAI SOUTH,13.0524139,80.2508246
TAMIL NADU,MADRAS NORTH,13.0524139,80.2508246
TAMIL NADU,MADRAS SOUTH,13.0524139,80.2508246
MADRAS,TIRUPATI,13.1690992,80.2576863
TAMIL NADU,CHENNAI CENTRAL,13.083634,80.27421
UTTAR PRADESH,KANPUR,26.449923,80.3318736
UTTAR PRADESH,BANDA,25.4833,80.3333
MADHYA PRADESH,MANDLA,22.5979218,80.3713855
MADHYA PRADESH,RAIGARH,24.545809,80.4270885
MADHYA PRADESH,SURGUJA RAIGARH,24.545809,80.4270885
ANDHRA PRADESH,GUNTUR,16.3066525,80.4365402
HYDERABAD,KHAMMAM,18.506118,80.4453648
ANDHRA PRADESH,BAPATLA,15.906499,80.471664
UTTAR PRADESH,UNNAO,26.548051,80.484606
UTTAR PRADESH,MISRIKH,27.4292761,80.5299541
UTTAR PRADESH,KHERI,28.16514,80.6326916
ANDHRA PRADESH,TENALI,16.236719,80.647476
ANDHRA PRADESH,VIJAYAWADA,16.5061743,80.6480153
MADRAS,VIJAYAWADA,16.5061743,80.6480153
UTTAR PRADESH,SITAPUR,27.5839037,80.666356
UTTAR PRADESH,BANDA DISTRICT CUM FATEHPUR DISTRICT,25.838733,80.7214417
UTTAR PRADESH,FATEHPUR,25.925683,80.814423
MADHYA PRADESH,SATNA,24.5833,80.8333
VINDHYA PRADESH,SATNA,24.5833,80.8333
ANDHRA PRADESH,BHADRACHALAM,17.6687912,80.8935925
MADHYA PRADESH,RAJNANDGAON,20.9456135,80.8986502
UTTAR PRADESH,LUCKNOW DISTRICT CENTRAL,26.8095034,80.9193912
UTTAR PRADESH,LUCKNOW,26.8465108,80.9466832
MADHYA PRADESH,SARANGARH,22.6449345,80.9705292
UTTAR PRADESH,MOHANLALGANJ,26.686994,80.984259
ANDHRA PRADESH,GUDIVADA,16.432564,80.992797
CHHATTISGARH,RAJNANDGAON,21.0971034,81.0302222
ANDHRA PRADESH,ELURU,16.7106604,81.0952431
ANDHRA PRADESH,MACHILIPATNAM,16.18438,81.134933
ANDHRA PRADESH,MASULIPATNAM,16.18438,81.134933
UTTAR PRADESH,BARA BANKI,26.927166,81.191449
UTTAR PRADESH,RAE BARELI,26.2333183,81.2333123
CHHATTISGARH,DURG,21.189367,81.283039
MADHYA PRADESH,REWA,24.5313889,81.3011111
VINDHYA PRADESH,REWA,24.5313889,81.3011111
MADHYA PRADESH,CHANDA,22.5626772,81.3536914
MADHYA PRADESH,SHAHDOL,23.3021885,81.3568021
UTTAR PRADESH,KAUSHAMBI,25.361054,81.4031707
UTTAR PRADESH,SALON,26.025261,81.45031
CHHATTISGARH,KANKER,20.2719,81.4931
UTTAR PRADESH,RAMSANEHIGHAT,26.8064285,81.5280999
MADHYA PRADESH,BILASPUR,22.8032094,81.5404443
UTTAR PRADESH,KAISERGANJ,27.2514781,81.5473014
UTTAR PRADESH,BAHRAICH,27.572602,81.593872
UTTAR PRADESH,BAHRAICH DISTRICT (EAST),27.5724074,81.6059042
UTTAR PRADESH,BAHRAICH DISTRICT (WEST),27.5724074,81.6059042
CHHATTISGARH,RAIPUR,21.2513844,81.6296413
UTTAR PRADESH,CHAIL,25.4257302,81.6322776
VINDHYA PRADESH,SHAHDOL SIDHI,23.6997084,81.6747295
ANDHRA PRADESH,NARASAPUR,16.4329833,81.6966198
UTTAR PRADESH,PRATAPGARH DISTT (EAST),25.9026232,81.7787021
UTTAR PRADESH,GONDA DISTRICT (NORTH),27.1326291,81.7847023
UTTAR PRADESH,GONDA DISTRICT (WEST),27.1326291,81.7847023
UTTAR PRADESH,MUSAFIRKHANA,26.37639,81.802116
ANDHRA PRADESH,RAJAHMUNDRY,17.0005383,81.8040345
UTTAR PRADESH,AMETHI,26.1540538,81.814238
UTTAR PRADESH,SHRAWASTI,27.72989,81.8224362
UTTAR PRADESH,ALLAHABAD,25.4358011,81.846311
MADHYA PRADESH,SIDHI,24.396434,81.879841
CHHATTISGARH,BASTAR,19.2,81.933333
UTTAR PRADESH,PRATAPGARH,25.8973038,81.9452981
UTTAR PRADESH,GONDA,27.1339913,81.9618968
ANDHRA PRADESH,AMALAPURAM,16.57556,82.01207
UTTAR PRADESH,ALLAHABAD DISTT (WEST),25.4790992,82.0552525
UTTAR PRADESH,SULTANPUR,26.2647757,82.0727061
UTTAR PRADESH,PHULPUR,25.5500599,82.090767
CHHATTISGARH,MAHASAMUND,21.10718,82.0977939
BILASPUR,BILASPUR,22.0796251,82.1391412
CHHATTISGARH,BILASPUR,22.0796251,82.1391412
UTTAR PRADESH,FAIZABAD,26.779347,82.142159
UTTAR PRADESH,FAIZABAD DISTT (NORTH WEST),26.7803497,82.1551301
UTTAR PRADESH,SULTANPUR DISTRICT (SOUTH),26.1592627,82.1713632
UTTAR PRADESH,BALRAMPUR,27.428421,82.183138
ANDHRA PRADESH,KAKINADA,16.945181,82.238647
ORISSA,NABARANGPUR,19.6892919,82.3017728
ORISSA,NOWRANGPUR,19.6892919,82.3017728
UTTAR PRADESH,LALGANJ,25.016466,82.360432
UTTAR PRADESH,MACHHLISHAHR,25.6873691,82.4129729
UTTAR PRADESH,DHAURAHRA,27.2307953,82.4488716
ANDHRA PRADESH,GOLUGONDA,17.6794093,82.4678294
UTTAR PRADESH,AMBEDKAR NAGAR,26.5040806,82.4752757
UTTAR PRADESH,MIRZAPUR,25.1336987,82.5644344
UTTAR PRADESH,BHADOHI,25.3932499,82.565788
CHHATTISGARH,JANJGIR,22.0105407,82.5726805
ANDHRA PRADESH,NARSIPATNAM,17.664511,82.615517
UTTAR PRADESH,JAUNPUR DISTRICT (EAST),25.761201,82.6483442
UTTAR PRADESH,DOMARIAGANJ,27.205429,82.655434
UTTAR PRADESH,JAUNPUR,25.7490034,82.6987002
CHHATTISGARH,KORBA,22.347979,82.7004
ORISSA,KORAPUT,18.813487,82.7123327
UTTAR PRADESH,BASTI DISTRICT (NORTH),26.8007741,82.7591966
UTTAR PRADESH,BASTI,26.8176796,82.7633133
ANDHRA PRADESH,ARUKU,18.3333,82.8667
UTTAR PRADESH,HARDWAR,27.1915965,82.8869418
UTTAR PRADESH,BANSI,27.17977,82.930733
UTTAR PRADESH,VARANASI,25.3176452,82.9739144
UTTAR PRADESH,SANT KABIR NAGAR,26.7181578,82.9931607
UTTAR PRADESH,BANARAS DISTRICT (CENTRAL),25.2646558,82.9951322
ANDHRA PRADESH,ANAKAPALLI,17.686001,83.008781
UTTAR PRADESH,BANARAS DISTRICT (EAST),25.3807634,83.0576156
UTTAR PRADESH,ROBERTSGANJ,24.6827599,83.065613
UTTAR PRADESH,KHALILABAD,26.775,83.0736
CHHATTISGARH,SARANGARH,21.587147,83.0818819
ORISSA,KALAHANDI,20.1032985,83.1649001
UTTAR PRADESH,AZAMGARH DISTRICT (WEST),26.0520357,83.1798054
UTTAR PRADESH,AZAMGARH,26.0737044,83.1859458
CHHATTISGARH,SARGUJA,23.3437983,83.1960423
MADHYA PRADESH,SARGUJA,23.3437983,83.1960423
ANDHRA PRADESH,VISAKHAPATNAM,17.6868159,83.2184815
MADRAS,VISAKHAPATNAM,17.6868159,83.2184815
UTTAR PRADESH,SAIDPUR,25.5408003,83.2254204
UTTAR PRADESH,GARHWAL,26.1160473,83.2318634
UTTAR PRADESH,CHANDAULI,25.262084,83.261212
UTTAR PRADESH,GORAKHPUR DISTRICT (NORTH),26.7346743,83.336188
UTTAR PRADESH,GORAKHPUR DISTRICT (SOUTH),26.7346743,83.336188
UTTAR PRADESH,BANSGAON,26.54919,83.3468539
ANDHRA PRADESH,BOBBILI,18.5735047,83.3583654
UTTAR PRADESH,GORAKHPUR,26.7605545,83.3731675
UTTAR PRADESH,GORAKHPUR DISTRICT (CENTRAL),26.7329091,83.378532
CHHATTISGARH,RAIGARH,21.895667,83.395245
ANDHRA PRADESH,VIZIANAGARAM,18.1066576,83.3955506
ANDHRA PRADESH,PARVATHIPURAM,18.780371,83.432899
ORISSA,BOLANGIR,20.7167,83.4833
UTTAR PRADESH,GHAZIPUR DISTRICT (WEST),25.6135068,83.5070203
UTTAR PRADESH,GHOSI,26.122937,83.54623
UTTAR PRADESH,MAHARAJGANJ,27.1446035,83.5621737
ANDHRA PRADESH,CHEEPURUPALLI,18.3105327,83.568301
UTTAR PRADESH,GHAZIPUR,25.5840419,83.5770202
ORISSA,BARGARH,21.3333,83.6167
UTTAR PRADESH,HATA,26.74209,83.742973
UTTAR PRADESH,DEORIA,26.5047,83.7872
UTTAR PRADESH,DEORIA DISTRICT (EAST),26.3818081,83.8473015
UTTAR PRADESH,DEORIA DISTRICT (SOUTH),26.3818081,83.8473015
UTTAR PRADESH,DEORIA DISTRICT (WEST),26.3818081,83.8473015
UTTAR PRADESH,RASRA,25.857189,83.849831
ORISSA,KALAHANDI BOLANGIR,20.3671383,83.8897057
ANDHRA PRADESH,SRIKAKULAM,18.2969747,83.8967813
UTTAR PRADESH,SALEMPUR,26.3,83.9166667
ORISSA,SAMBALPUR,21.4662219,83.975164
UTTAR PRADESH,KUSHI NAGAR,26.9066405,83.9754183
BIHAR,BUXAR,25.5647103,83.9777482
UTTAR PRADESH,PADRAUNA,26.90229,83.979218
ORISSA,KANDHAMAL,20.1342042,84.0167423
BIHAR,PASCHIM CHAMPARAN,27.2590444,84.0180642
BIHAR,SASARAM,24.949036,84.0314295
ORISSA,SUNDARGARH,22.1167,84.0333
BIHAR,VALMIKI NAGAR,27.1280192,84.0626616
BIHAR,JAINAGAR,25.05,84.083333
UTTAR PRADESH,BALLIA,25.7584381,84.1487319
BIHAR,PALAMU,24.1286106,84.1857115
JHARKHAND,PALAMU,24.1286106,84.1857115
UTTAR PRADESH,BALLIA DISTRICT (EAST),25.8307174,84.1857115
ORISSA,PHULBANI,20.476971,84.2318729
ORISSA,RAYAGADA PHULBANI,20.476971,84.2318729
BIHAR,BIKRAMGANJ,25.212744,84.251983
BIHAR,KARAKAT,25.1803303,84.2851541
BIHAR,BALIA,26.1340316,84.2950234
BIHAR,CHATRA,24.7309775,84.3423734
BIHAR,SIWAN,26.2238742,84.3611146
BIHAR,AURANGABAD,24.74839,84.3766629
BIHAR,GOPALGANJ,26.4678389,84.443231
BIHAR,MAHARAJGANJ,26.110359,84.500893
BIHAR,BETTIAH,26.799919,84.503899
BIHAR,SARAN CENTRAL,25.9699599,84.535857
BIHAR,KESARIA,27.1557034,84.5379455
ORISSA,BHANJANAGAR,19.9393427,84.5763695
BIHAR,SARAN,26.0502233,84.6250199
BIHAR,SARAN EAST,26.0502233,84.6250199
BIHAR,SARAN NORTH,26.0502233,84.6250199
BIHAR,SARAN SOUTH,26.0502233,84.6250199
ORISSA,ASKA,19.611589,84.664495
BIHAR,ARRAH,25.558797,84.667097
BIHAR,CHAMPARAN,26.8437,84.6826
BIHAR,CHAMPARAN EAST,26.8437,84.6826
BIHAR,CHAMPARAN NORTH,26.8437,84.6826
BIHAR,SARAN CUM CHAMPARAN,26.8437,84.6826
JHARKHAND,LOHARDAGA,23.4333,84.6833
ORISSA,DEOGARH,21.5333,84.7333
BIHAR,CHAPRA,25.7835481,84.7531435
ORISSA,BERHAMPORE,19.3149618,84.7940911
BIHAR,PURVI CHAMPARAN,26.6098139,84.8567932
JHARKHAND,CHATRA,24.204235,84.870937
BIHAR,MOTIHARI,26.65,84.9167
BIHAR,GAYA,24.7800113,84.9818234
BIHAR,GAYA EAST,24.7800113,84.9818234
BIHAR,GAYA NORTH,24.7800113,84.9818234
BIHAR,GAYA WEST,24.7800113,84.9818234
BIHAR,JAHANABAD,25.2166667,84.9833333
ORISSA,CHATRAPUR,19.352421,84.988602
ORISSA,GANJAM,19.387389,85.0515413
ORISSA,GANJAM SOUTH,19.387389,85.0515413
BIHAR,BAGAHA,24.525509,85.0662054
BIHAR,VAISHALI,26.0038178,85.0817825
BIHAR,PATNA CENTRAL,25.5960388,85.0868261
ORISSA,GHUMSUR,20.9516658,85.0985236
ORISSA,ANGUL,20.85,85.1
BIHAR,PATALIPUTRA,25.61046,85.141667
BIHAR,PATNA,25.61046,85.141667
BIHAR,PATNA EAST,25.61046,85.141667
BIHAR,HAJIPUR,25.6833,85.2167
BIHAR,PATNA SAHIB,25.595888,85.2300671
JHARKHAND,KHUNTI,23.07689,85.280647
BIHAR,SHEOHAR,26.516667,85.3
BIHAR,MUZAFFARPUR CENTRAL,25.9167361,85.3014492
JHARKHAND,RANCHI,23.3440997,85.309562
BIHAR,LOHARDAGA,25.0960742,85.3131194
BIHAR,HAZARIBAGH,23.9787306,85.354965
BIHAR,HAZARIBAGH WEST,23.9787306,85.354965
BIHAR,HAZARIBHAG EAST,23.9787306,85.354965
BIHAR,MUZAFARPUR EAST,26.1208876,85.3647201
BIHAR,MUZAFFARPUR,26.1208876,85.3647201
BIHAR,MUZAFFARPUR NORTH EAST,26.1208876,85.3647201
BIHAR,MUZAFFARPUR NORTH WEST,26.1208876,85.3647201
JHARKHAND,HAZARIBAGH,23.996,85.371017
BIHAR,MAHUA,25.8125,85.3986111
BIHAR,SITAMARHI,26.59807,85.495323
BIHAR,CHAILBASSA,25.203805,85.509734
BIHAR,MANBHUM NORTH,25.203805,85.509734
BIHAR,MANBHUM SOUTH CUM DHALBHUM,25.203805,85.509734
BIHAR,NALANDA,25.203805,85.509734
BIHAR,PALAMAU CUM HAZARIBAGH CUM RANCHI,25.203805,85.509734
BIHAR,PURNEA CUM SANTAL PARGANAS,25.203805,85.509734
BIHAR,SANTAL PARGANAS CUM HAZARIBAGH,25.203805,85.509734
BIHAR,RANCHI,25.2088337,85.5164677
BIHAR,RANCHI EAST,25.2088337,85.5164677
BIHAR,RANCHI NORTH EAST,25.2088337,85.5164677
BIHAR,RANCHI WEST,25.2088337,85.5164677
BIHAR,JAMSHEDPUR,25.198009,85.521896
BIHAR,SINGHBHUM,25.198009,85.521896
BIHAR,NAWADA,24.8833,85.5333
BIHAR,SONBARSA,26.8472537,85.580505
BIHAR,KODARMA,24.468076,85.591629
JHARKHAND,KODARMA,24.468076,85.591629
ORISSA,DHENKANAL,20.65616,85.604263
ORISSA,DHENKANAL WEST CUTTACK,20.65616,85.604263
ORISSA,KHURDA,20.18564,85.627296
ORISSA,KEONJHAR,21.5151196,85.684578
BIHAR,PUPRI,26.4698688,85.6974124
BIHAR,BARH,25.469347,85.710959
BIHAR,SAMASTIPUR,25.8629679,85.7810263
BIHAR,SAMASTIPUR EAST,25.8629679,85.7810263
BIHAR,UJIARPUR,25.7770016,85.7999758
ORISSA,BHUBANESWAR,20.2960587,85.8245398
ORISSA,PURI,19.8133822,85.8314655
ORISSA,CUTTACK,20.462521,85.8829895
BIHAR,DARBHANGA,26.149179,85.890587
BIHAR,DARBHANGA EAST,26.149179,85.890587
BIHAR,DARBHANGA NORTH,26.149179,85.890587
BIHAR,MUZAFFARPUR CUM DARBHANGA,26.149179,85.890587
BIHAR,DARBHANGA CENTRAL,26.1245428,85.9865282
BIHAR,ROSERA,25.75498,86.024292
BIHAR,MADHUBANI,26.3468544,86.0715474
BIHAR,GIRIDIH,24.2841482,86.0937312
BIHAR,BEGUSARAI,25.41301,86.124077
ORISSA,JAJPUR KEONJHAR,21.0147432,86.1380885
ORISSA,JAGATSINGHPUR,20.2548998,86.1706221
JHARKHAND,JAMSHEDPUR,22.8045665,86.2028754
JHARKHAND,SINGHBHUM,22.8045665,86.2028754
BIHAR,JAMUI,24.92326,86.220238
BIHAR,MONGHYR SADAR CUM JAMUI,24.92326,86.220238
BIHAR,JHANJHARPUR,26.2667,86.2833
JHARKHAND,GIRIDIH,24.179741,86.302231
ORISSA,JAJPUR,20.85,86.3333
WEST BENGAL,PURULIA,23.3320779,86.365208
ORISSA,KENDRAPARA,20.5,86.4167
JHARKHAND,DHANBAD,23.7956531,86.4303859
BIHAR,KHAGARIA,25.5111515,86.476908
BIHAR,MONGHYR,25.37262,86.490321
BIHAR,MONGHYR NORTH EAST,25.37262,86.490321
BIHAR,MONGHYR NORTH WEST,25.37262,86.490321
BIHAR,MUNGER,25.37262,86.490321
ORISSA,BHADRAK,21.0582737,86.4958396
BIHAR,SAHARSA,25.8833,86.6
BIHAR,SUPAUL,26.1083333,86.6011111
BIHAR,PATNA CUM SHAHABAD,25.1378741,86.6831411
BIHAR,SHAHABAD,25.1378741,86.6831411
BIHAR,SHAHABAD NORTH WEST,25.1378741,86.6831411
BIHAR,SHAHABAD SOUTH,25.1378741,86.6831411
ORISSA,MAYURBHANJ,21.925365,86.7359551
BIHAR,MADHEPURA,25.9169444,86.7786111
BIHAR,BANKA,24.8833,86.9167
ORISSA,BALASORE,21.4949767,86.942658
WEST BENGAL,ASANSOL,23.68721,86.973343
BIHAR,BHAGALPUR,25.24003,86.984512
BIHAR,BHAGALPUR SOUTH,25.24003,86.984512
BIHAR,DARBHANGA CUM BHAGALPUR,25.24003,86.984512
WEST BENGAL,JHARGRAM,22.450008,86.99589
WEST BENGAL,MIDNAPORE JHARGRAM,22.450008,86.99589
BIHAR,BHAGALPUR CENTRAL,25.2556224,87.0166937
WEST BENGAL,BANKURA,23.2371632,87.0652217
JHARKHAND,GODDA,24.8255215,87.2135177
JHARKHAND,DUMKA,24.2667,87.25
BIHAR,DUMKA,24.4052887,87.3016132
BIHAR,GODDA,24.7850676,87.3016132
WEST BENGAL,DURGAPUR,23.5204443,87.3119227
WEST BENGAL,VISHNUPUR,23.0833,87.3167
WEST BENGAL,MIDNAPORE,22.42087,87.326088
BIHAR,KHUNTI,25.9294265,87.3959564
BIHAR,ARARIA,26.1346339,87.464399
BIHAR,BHAGALPUR CUM PURNEA,25.78,87.47
BIHAR,PURNEA,25.78,87.47
BIHAR,PURNEA NORTH EAST,25.78,87.47
BIHAR,PURNEA CENTRAL,25.7767214,87.4724696
WEST BENGAL,BARDHAMAN PURBA,23.4680712,87.4987709
BIHAR,KATIHAR,25.53754,87.566093
WEST BENGAL,AUSGRAM,23.517038,87.66542
WEST BENGAL,BOLPUR,23.662451,87.704117
WEST BENGAL,PANSKURA,22.396047,87.740414
WEST BENGAL,GHATAL,22.655865,87.741631
WEST BENGAL,CONTAI,21.7878557,87.7418842
WEST BENGAL,KANTHI,21.7878557,87.7418842
BIHAR,DHANBAD,25.1867038,87.7492683
WEST BENGAL,ARAMBAGH,22.8833,87.7833
BIHAR,RAJMAHAL,25.051918,87.829542
JHARKHAND,RAJMAHAL,25.051918,87.829542
WEST BENGAL,BIRBHUM,24.3575023,87.8426967
WEST BENGAL,BURDWAN,23.2324214,87.8614793
WEST BENGAL,KALNA KATWA,23.2512563,87.8700292
WEST BENGAL,TAMLUK,22.29092,87.924149
BIHAR,KISHANGANJ,26.106235,87.956631
WEST BENGAL,JOYNAGAR,22.6833699,87.9959401
WEST BENGAL,MALDAHA UTTAR,25.0922238,88.0808748
WEST BENGAL,JANGIPUR,24.470738,88.0949609
WEST BENGAL,ULUBERIA,22.4744363,88.1000377
WEST BENGAL,RAIGANJ,25.6185295,88.1255837
WEST BENGAL,KATWA,23.640739,88.135887
WEST BENGAL,MALDA,25.0108408,88.1410967
WEST BENGAL,DIAMOND HARBOUR,22.190864,88.1896299
WEST BENGAL,DARJEELING,27.0360066,88.2626751
WEST BENGAL,HOWRAH,22.5957689,88.2636394
WEST BENGAL,BERHAMPORE,24.0979577,88.2691594
WEST BENGAL,MURSHIDABAD,24.167555,88.270819
WEST BENGAL,SERAMPORE,22.7399999,88.35
WEST BENGAL,NORTH BENGAL,26.7121582,88.3542886
WEST BENGAL,CALCUTTA EAST,22.572646,88.363895
WEST BENGAL,CALCUTTA NORTH EAST,22.572646,88.363895
WEST BENGAL,CALCUTTA NORTH WEST,22.572646,88.363895
WEST BENGAL,CALCUTTA SOUTH,22.572646,88.363895
WEST BENGAL,CALCUTTA SOUTH EAST,22.572646,88.363895
WEST BENGAL,CALCUTTA SOUTH WEST,22.572646,88.363895
WEST BENGAL,KOLKATA UTTAR,22.572646,88.363895
WEST BENGAL,NABADWIP,23.4167,88.3667
WEST BENGAL,JADAVPUR,22.495,88.3719444
WEST BENGAL,CALCUTTA CENTRAL,22.6452151,88.3745974
WEST BENGAL,BARRACKPORE,22.7674278,88.3883455
WEST BENGAL,MATHURAPUR,22.1470624,88.3919026
WEST BENGAL,HOOGHLY,22.8956,88.4025
WEST BENGAL,KOLKATA DAKSHIN,22.3886758,88.4185765
WEST BENGAL,SANTIPUR,23.25,88.4333
WEST BENGAL,DUM DUM,22.6450736,88.4379653
WEST BENGAL,BARASAT,22.72,88.48
WEST BENGAL,KRISHNANAGAR,23.4008744,88.5013962
SIKKIM,SIKKIM,27.5329718,88.5122178
WEST BENGAL,RANAGHAT,23.1717,88.576302
WEST BENGAL,JALPAIGURI,26.52202,88.717468
WEST BENGAL,BALURGHAT,25.22418,88.773933
WEST BENGAL,WEST DINAJPUR,25.2469092,88.7824604
WEST BENGAL,BANGAON,23.04352,88.8347469
WEST BENGAL,BASIRHAT,22.6574017,88.8671766
WEST BENGAL,COOCH BEHAR,26.32419,89.45103
WEST BENGAL,ALIPURDUARS,26.5,89.5166667
ASSAM,DHUBRI,26.019648,89.987751
MEGHALAYA,TURA,25.5140712,90.2032141
ASSAM,KOKRAJHAR,26.4014362,90.266699
ASSAM,GOALPARA,26.1667,90.6167
ASSAM,GOALPARA GARO HILLS,26.040709,90.6602118
ASSAM,BARPETA,26.3167,91
TRIPURA,TRIPURA WEST,23.8517476,91.443469
ASSAM,GAUHATI,26.147129,91.7355511
MEGHALAYA,SHILLONG,25.5787726,91.8932535
TRIPURA,TRIPURA,23.9408482,91.9881527
TRIPURA,TRIPURA EAST,23.9408482,91.9881527
ASSAM,DARRANG,26.5943518,91.9881527
ASSAM,MANGALDOI,26.4333,92.0333
ASSAM,KARIMGANJ,24.86434,92.357277
A&N ISLANDS,A&N ISLANDS,11.7400867,92.6586401
ASSAM,NOWGONG,26.35037,92.6922529
ASSAM,SILCHAR,24.8187153,92.791385
ASSAM,TEZPUR,26.6528495,92.7925592
ASSAM,CACHAR,24.7821253,92.8577105
ASSAM,CACHAR LUSHAL HILLS,23.4917162,92.8740369
ASSAM,KALIABOR,26.5384622,92.926335
MIZORAM,MIZORAM,23.164543,92.9375739
ASSAM,AUTONOMOUS DISTS,25.8400095,93.4365535
MANIPUR,INNER MANIPUR,24.8053359,93.9407467
ASSAM,LAKHIMPUR,27.2316353,94.0899911
ASSAM,SIBSAGAR NORTH LAKHIMPUR,27.237966,94.105997
ASSAM,GOLAGHAT JORHAT,26.75602,94.20945
ASSAM,JORHAT,26.75602,94.20945
MANIPUR,OUTER MANIPUR,25.4240949,94.2586533
NAGALAND,NAGALAND,26.1584354,94.5624426
ASSAM,SIBSAGAR,26.9833,94.6333
ARUNACHAL PRADESH,ARUNACHAL EAST,28.2179994,94.7277528
ARUNACHAL PRADESH,ARUNACHAL WEST,28.2179994,94.7277528
ASSAM,DIBRUGARH,27.4728327,94.9119621
